ticker_yf,entry_price,entry_date,fwd_ret_1m,fwd_ret_2m,fwd_ret_3m,fwd_ret_4m,fwd_ret_latest,last_price_date,ticker
A,135.52076721191406,2026-01-20,-0.06986677571745004,-0.17728040872425788,-0.10072821122674358,-0.18411028826360087,-0.01937535474062968,2026-06-10,A
AAPL,246.2425079345703,2026-01-20,0.05725092142652599,0.010105250738501326,0.09640396563362086,0.21412831492174034,0.1916707838249312,2026-06-10,AAPL
ABBV,212.27890014648438,2026-01-20,0.04816858360929599,-0.03648851954907706,-0.018366852574520642,0.006977115291861402,0.06275284989623997,2026-06-10,ABBV
ABNB,130.72999572753906,2026-01-20,-0.037634807081301624,0.0004589425575962647,0.08276606500293382,0.0032892828625690207,-0.013156898010521334,2026-06-10,ABNB
ABT,120.38475036621094,2026-01-20,-0.07388147717197524,-0.11515602630573285,-0.19582839799810758,-0.2621989128636859,-0.2620743174344242,2026-06-10,ABT
ACGL,91.80000305175781,2026-01-20,0.0712417545612225,0.004030447765659639,0.06307182019229729,0.04999995844556504,-0.010784373205367848,2026-06-10,ACGL
ACI,16.819034576416016,2026-01-20,0.055305058347578706,0.02057945447605114,-0.01708898757067634,0.022650895019719952,-0.08615445103423469,2026-06-10,ACI
ACN,270.4167785644531,2026-01-20,-0.21180012407153714,-0.25360271851413896,-0.269091234110035,-0.3461944040960535,-0.3712853163468708,2026-06-10,ACN
ADBE,290.3699951171875,2026-01-20,-0.10731137578293459,-0.15283944749908673,-0.15814305520931293,-0.12184450948433834,-0.19482037750697756,2026-06-10,ADBE
ADI,293.9419860839844,2026-01-20,0.16785592777160785,0.05324188157860177,0.2602329075360177,0.4056455788380495,0.3424588172768981,2026-06-10,ADI
ADM,64.95886993408203,2026-01-20,0.05311212715471614,0.04974743046659569,0.025277859372638156,0.2141528200416969,0.2575650180537683,2026-06-10,ADM
ADP,253.009521484375,2026-01-20,-0.1533908336847346,-0.16738309915692628,-0.207658272919648,-0.12872843224194674,-0.08948092638713456,2026-06-10,ADP
ADSK,253.8699951171875,2026-01-20,-0.09756958084880385,-0.024500733999037405,-0.046677398166949824,-0.038247889241877275,-0.12494584563276578,2026-06-10,ADSK
AEE,102.30896759033203,2026-01-20,0.0585173232106182,0.06337823095739914,0.09395182239670108,0.057942894326636685,0.06549801746344341,2026-06-10,AEE
AEP,117.4319076538086,2026-01-20,0.08568516118888758,0.0882214729891142,0.1299850864424359,0.0978276751579632,0.0930589749828401,2026-06-10,AEP
AES,13.443107604980469,2026-01-20,0.20215789876930668,0.03976356614444265,0.06327769627386837,0.08382675516383231,0.091265539737176,2026-06-10,AES
AFL,108.1226806640625,2026-01-20,0.037516892635657495,-0.013917302010407084,0.05371081952850787,0.08950316740446707,0.08312150504492855,2026-06-10,AFL
AIG,72.01522064208984,2026-01-20,0.09801201990130703,0.026033090377881374,0.09254682001474923,0.07657795238335874,0.03492009209699276,2026-06-10,AIG
AIZ,231.0155487060547,2026-01-20,-0.03834295419996325,-0.08605476876068996,-0.017463598513458023,0.1063888080682518,0.11661309386793195,2026-06-10,AIZ
AJG,253.26010131835938,2026-01-20,-0.14324391868874964,-0.17482314066795224,-0.12787367419516038,-0.19934076225471387,-0.12433895778282877,2026-06-10,AJG
AKAM,89.5999984741211,2026-01-20,0.22310265852898636,0.22767859233581333,0.07020090427059622,0.5774553431350051,0.47700891285298397,2026-06-10,AKAM
ALB,172.11361694335938,2026-01-20,-0.023936406469782123,-0.05144056928068086,0.148950347520018,-0.018090474180111116,-0.13882466795476944,2026-06-10,ALB
ALGN,165.5500030517578,2026-01-20,0.14406517913062222,0.0646330217517237,0.14811237584088088,-0.06276049047489352,0.03693742145364509,2026-06-10,ALGN
ALL,191.56639099121094,2026-01-20,0.04996130867868431,0.05968794443743053,0.12246848638674823,0.1661915513128962,0.16609700350352608,2026-06-10,ALL
ALLE,162.39527893066406,2026-01-20,-0.010919559508047572,-0.11432153213971186,-0.11130416921887665,-0.2231301027169984,-0.19883757345502384,2026-06-10,ALLE
AMAT,317.4389953613281,2026-01-20,0.16359613649160765,0.12388989602898182,0.24889238356940857,0.28026106147940544,0.5721761176699394,2026-06-10,AMAT
AMCR,39.97086715698242,2026-01-20,0.20306050997874325,-0.047905144843212843,0.03207177468712663,-0.0971217841210682,-0.0405512514025651,2026-06-10,AMCR
AMD,231.9199981689453,2026-01-20,-0.12310280819750685,-0.11491028849125295,0.20037089016204823,0.7853138628060368,0.9524020783060376,2026-06-10,AMD
AME,212.80213928222656,2026-01-20,0.09200527082608367,-0.00611901405981452,0.1102331738944533,0.039839164801941385,0.04463236977582641,2026-06-10,AME
AMGN,326.2585144042969,2026-01-20,0.14230174077076652,0.06448539726395652,0.08085165252231374,0.01376664637826841,0.04679258568948619,2026-06-10,AMGN
AMP,489.3414001464844,2026-01-20,-0.03807258727441709,-0.11619877317616456,-0.07111890003323407,-0.05227718393171221,-0.0737857348348483,2026-06-10,AMP
AMT,175.99156188964844,2026-01-20,0.03960617258014998,0.028185635190119296,0.03618604580994811,0.03982258032772079,0.09402968653042976,2026-06-10,AMT
AMZN,231.0,2026-01-20,-0.11316017051795857,-0.09627708005698732,0.08467531410646645,0.12268396683069538,0.03303032416801943,2026-06-10,AMZN
ANET,127.5199966430664,2026-01-20,0.07614491326918182,0.06853825355903309,0.2878764119420849,0.11025725814079812,0.18918607484692296,2026-06-10,ANET
AON,338.6067199707031,2026-01-20,-0.04477171529088686,-0.06630339512584649,-0.02268043745800652,-0.04414181830144115,-0.006251292757897042,2026-06-10,AON
AOS,69.81590270996094,2026-01-20,0.10649290616998752,-0.080794806199602,-0.07680700607917679,-0.19860664130671157,-0.17368398334154744,2026-06-10,AOS
APA,24.944246292114258,2026-01-20,0.15804854714061478,0.5156578211800318,0.42326885772553835,0.6400575655134217,0.5246200690642409,2026-06-10,APA
APD,256.5713195800781,2026-01-20,0.08730347057906251,0.10058878390509052,0.1373445716231636,0.13718863624820687,0.08718309941242941,2026-06-10,APD
APH,152.02952575683594,2026-01-20,-0.007418145218799133,-0.14232270146145787,-0.006377236220501681,-0.2159417958134201,-0.010389618731825423,2026-06-10,APH
APO,137.4961395263672,2026-01-20,-0.1429355871253044,-0.1934150206410048,-0.0974533531270354,-0.04615508225717013,-0.03844568168029394,2026-06-10,APO
APP,565.52001953125,2026-01-20,-0.2714669936150097,-0.22209648070040622,-0.1561748554850909,-0.15670537306216192,-0.11626472670600985,2026-06-10,APP
APTV,77.16999816894531,2026-01-20,0.042633160471569065,-0.10366723065725503,-0.22741997736787567,-0.3187767144981041,-0.13943235405136978,2026-06-10,APTV
ARE,56.625328063964844,2026-01-20,-0.0716272376901359,-0.13908207968342745,-0.14119700969887472,-0.1904682635868119,-0.06676035216946385,2026-06-10,ARE
ARES,160.96852111816406,2026-01-20,-0.20415541110903512,-0.3291235012062015,-0.26830415064298985,-0.2476168646573642,-0.19748288809243286,2026-06-10,ARES
ATO,166.13206481933594,2026-01-20,0.06529758401988461,0.10671063337837228,0.11652672652113205,0.06379486960937597,0.014674725842563907,2026-06-10,ATO
AVB,176.29600524902344,2026-01-20,-0.0038706963592293198,-0.07303932451280903,-0.013647534758240543,0.049995434376848724,0.05714247384071047,2026-06-10,AVB
AVGO,331.9037780761719,2026-01-20,0.0041790860333053015,-0.03836445297059354,0.22487309696011049,0.23852162728282722,0.12955929863882476,2026-06-10,AVGO
AVY,180.1570281982422,2026-01-20,0.06251023247592413,-0.10105023634319665,-0.04870942275411283,-0.14919947206564776,-0.12626221004879323,2026-06-10,AVY
AWK,129.60781860351562,2026-01-20,0.006320477872676422,0.050293396097800036,0.008235717116291008,-0.042033073313823,-0.02208217398255563,2026-06-10,AWK
AXON,620.52001953125,2026-01-20,-0.2891123876222139,-0.19071105384297604,-0.35078644777998547,-0.36772387032046117,-0.2688954517734542,2026-06-10,AXON
AXP,351.0801086425781,2026-01-20,-0.027087688810505828,-0.16258272092618753,-0.05522986271179564,-0.11897601161593863,-0.10335275147070289,2026-06-10,AXP
AZO,3573.97998046875,2026-01-20,0.04798851999812559,-0.06502551878124097,-0.00044770750395761727,-0.06343067180307538,-0.12428863075689067,2026-06-10,AZO
BA,249.0,2026-01-20,-0.061405595526637824,-0.19204822218561746,-0.10289154665537148,-0.13650604615728534,-0.16228917133377263,2026-06-10,BA
BAC,51.539337158203125,2026-01-20,0.012860002806658555,-0.09259589860738815,0.04059048483545813,-0.02137012898194679,0.062101390835490156,2026-06-10,BAC
BALL,55.00307846069336,2026-01-20,0.1925231679606667,0.06856201660521077,0.16800949210010008,-0.0017214418443458612,0.002762033014426235,2026-06-10,BALL
BAX,19.36041831970215,2026-01-20,0.10113527154254975,-0.13992838730556867,-0.03409735641871503,-0.053714742274592164,0.05137188701765005,2026-06-10,BAX
BBBY-WT,,2026-01-20,,,,,,2026-06-10,BBBY.WT
BBY,64.84270477294922,2026-01-20,0.0071396105664824905,-0.024912628603882547,0.013683861385660911,-0.08563343982742566,0.17715635241202476,2026-06-10,BBY
BDX,157.77084350585938,2026-01-20,0.1411664008619231,-0.01481024055893465,-0.0021594499631032438,-0.07510616876554088,-0.054229583729461406,2026-06-10,BDX
BEN,24.482200622558594,2026-01-20,0.09661831307684698,-0.039049920362887236,0.11387047586875498,0.2576484193645796,0.2776629506835766,2026-06-10,BEN
BF-B,26.94135093688965,2026-01-20,0.08201541844840365,-0.13478728217652258,0.08197987869332923,-0.03791015762306149,-0.018237770448155555,2026-06-10,BF.B
BG,108.77715301513672,2026-01-20,0.12847120059639616,0.11522090017849385,0.08981683433000365,0.11723133121830331,0.1851753295198455,2026-06-10,BG
BIIB,165.3800048828125,2026-01-20,0.16144634272542002,0.10902163651568908,0.07237876930276443,0.1522553629964134,0.1861168089885319,2026-06-10,BIIB
BJ,92.16999816894531,2026-01-20,0.07616365858653307,0.04914830063241937,-0.0010849351861523804,0.05956391019017948,-0.0009221990469919783,2026-06-10,BJ
BKNG,200.11924743652344,2026-01-20,-0.2028147890032913,-0.1438061641561218,-0.04292812474861829,-0.22969695421621705,-0.1962792265201374,2026-06-10,BKNG
BKR,50.897151947021484,2026-01-20,0.2250488537167612,0.18882211670883686,0.1706109021154616,0.2863195427683345,0.2441757218331988,2026-06-10,BKR
BLDR,122.5199966430664,2026-01-20,-0.09059744350514765,-0.31039830085931575,-0.2776689322166387,-0.458129275149588,-0.38450860489493044,2026-06-10,BLDR
BLK,1097.7186279296875,2026-01-20,-0.02591778870217676,-0.12166318172977497,-0.04689213057398545,-0.061241181689964064,-0.07985984115004141,2026-06-10,BLK
BMY,53.66664505004883,2026-01-20,0.11213572499310343,0.07174474632454353,0.12118054170950199,0.08652220236446406,0.04040412871722565,2026-06-10,BMY
BNY,119.67276000976562,2026-01-20,-0.016544572818586678,-0.043677802295434054,0.12444851211430907,0.1391064041064538,0.17115205471871664,2026-06-10,BNY
BR,208.13571166992188,2026-01-20,-0.1580179352748332,-0.16218123510030735,-0.21724149660911252,-0.28205500403141204,-0.2960843032108632,2026-06-10,BR
BRK-B,485.3900146484375,2026-01-20,0.023795272758823094,-0.008055385451102293,-0.022270808524978536,-0.010156828621474934,0.001503904997466332,2026-06-10,BRK.B
BRO,78.6978988647461,2026-01-20,-0.12047096821540404,-0.1567062277976995,-0.1420094112596777,-0.26186085028236783,-0.23555773768743293,2026-06-10,BRO
BSX,91.19999694824219,2026-01-20,-0.16973680093788013,-0.23366226175081561,-0.295723623835367,-0.37708329743111924,-0.4734100533672819,2026-06-10,BSX
BURL,303.7200012207031,2026-01-20,0.029895912471261665,0.02722899045315863,0.14335574993390976,-0.0580139439166657,0.08164587531903433,2026-06-10,BURL
BX,150.7449493408203,2026-01-20,-0.17340233607487876,-0.25418228825936784,-0.15158062563839803,-0.24203097592411382,-0.212046577356656,2026-06-10,BX
BXP,64.74344635009766,2026-01-20,-0.05195790080500318,-0.1861952782995817,-0.10338416458157873,-0.0938079222460666,0.024814127368754324,2026-06-10,BXP
C,111.68677520751953,2026-01-20,0.02971888329326111,-0.02107649500044706,0.1779163466598046,0.07416478806727977,0.19647115457064057,2026-06-10,C
CAG,16.42365837097168,2026-01-20,0.11000255843670348,-0.08539122190263382,-0.11746191697867092,-0.15183328887328562,-0.18979680809762056,2026-06-10,CAG
CAH,209.86126708984375,2026-01-20,0.05889627256194574,0.002614467856398184,0.01967365612803995,-0.045226411258600385,0.03163391226125656,2026-06-10,CAH
CARR,55.01404571533203,2026-01-20,0.13964863265537342,0.06810366837193271,0.11066835709375411,0.11680567803771047,0.24295525559504405,2026-06-10,CARR
CASY,637.5322875976562,2026-01-20,0.03939866326852903,0.04261196559725411,0.18299375730529888,0.3366382236500163,0.41340296701042156,2026-06-10,CASY
CAT,627.8047485351562,2026-01-20,0.20910984135354305,0.09483311852581866,0.26335459631207736,0.37009161912367294,0.3665394932292614,2026-06-10,CAT
CB,300.17388916015625,2026-01-20,0.0933368089663198,0.07817510561606844,0.10212779498536917,0.09979587433960102,0.0990963083125036,2026-06-10,CB
CBOE,270.682861328125,2026-01-20,0.052405167414227405,0.04851531094048345,0.10576876245245637,0.3381372342987434,0.10245254199223064,2026-06-10,CBOE
CBRE,165.36000061035156,2026-01-20,-0.09778663588087255,-0.19442424877731757,-0.0837566887542005,-0.2250242294177751,-0.185262423764881,2026-06-10,CBRE
CCI,85.73835754394531,2026-01-20,-0.003916568739100512,-0.007795319017844804,0.03465941762418567,0.07699749543909373,0.0869114490983991,2026-06-10,CCI
CCL,27.721281051635742,2026-01-20,0.13118628919146813,-0.10580706463872314,0.04764704121767438,-0.1382072370627776,-0.059386876300189906,2026-06-10,CCL
CDNS,307.0,2026-01-20,-0.03390880671696861,-0.06384366808962749,0.013127031854387239,0.10136806227096895,0.2532410264403502,2026-06-10,CDNS
CDW,123.40216064453125,2026-01-20,-0.004729090755314136,-0.036121212016296256,0.0791576009943511,-0.15937526121254053,0.05581614297210291,2026-06-10,CDW
CEG,294.5470275878906,2026-01-20,-0.01266075248580123,0.07276270118570616,0.004085801521118038,-0.11501394000673659,-0.1756834043103419,2026-06-10,CEG
CF,87.59286499023438,2026-01-20,0.1308636585822176,0.4276215463290043,0.2811755833913714,0.4597079411046381,0.2394274631102662,2026-06-10,CF
CFG,58.968719482421875,2026-01-20,0.08750265876652907,-0.03944833246821,0.08514547787155835,0.04004296463206547,0.10634923797551821,2026-06-10,CFG
CHD,91.5672378540039,2026-01-20,0.12391736942339393,0.02954098688199469,0.05457735403749786,0.04567968024398805,0.07233554084473792,2026-06-10,CHD
CHRW,173.9075469970703,2026-01-20,0.05762404028005119,0.0017585890575804175,0.044336659733680284,-0.008499101314752178,0.06847003278435371,2026-06-10,CHRW
CHTR,184.1999969482422,2026-01-20,0.25700324170576705,0.14891426921292394,0.28458197088719084,-0.22638435200386753,-0.2559717409209996,2026-06-10,CHTR
CHWY,32.970001220703125,2026-01-20,-0.2156506019747103,-0.26357295154119775,-0.16530180652578164,-0.4037003603425151,-0.39065819203025653,2026-06-10,CHWY
CI,268.1995849609375,2026-01-20,0.05412179104097192,-0.01921734238590933,0.032941284635001455,0.07979881124632526,0.10406578516775133,2026-06-10,CI
CIEN,241.2100067138672,2026-01-20,0.3200530442330274,0.7104596620723296,1.103685496256027,1.246672890121856,0.7920484131422825,2026-06-10,CIEN
CINF,159.86636352539062,2026-01-20,0.009887370451967081,-0.018344656228947986,0.04349660332220995,0.049939476961061935,0.04074428925373885,2026-06-10,CINF
CL,84.39550018310547,2026-01-20,0.10668866894048001,0.006829937785479023,0.010480399953461728,0.06664450649333165,0.05965365583647708,2026-06-10,CL
CLX,107.2843246459961,2026-01-20,0.12503425017730452,-0.018563613877457197,-0.037341849161828033,-0.13715260826522824,-0.0684100401003529,2026-06-10,CLX
CMCSA,27.836320877075195,2026-01-20,0.11434654842465686,0.02911927842261708,0.06443661472406004,-0.10907769217861085,-0.14158912870405327,2026-06-10,CMCSA
CME,271.9646911621094,2026-01-20,0.08574173907023086,0.13657143684302242,0.05221842785117481,0.10606392310187718,-0.03538950142054209,2026-06-10,CME
CMG,39.0,2026-01-20,-0.026410225110176322,-0.15538465059720552,-0.08128200433193111,-0.15282048934545267,-0.21718206161107767,2026-06-10,CMG
CMI,562.138671875,2026-01-20,0.05498399579591062,-0.04196499921824781,0.11221010023800004,0.16945390268054128,0.13048616298664073,2026-06-10,CMI
CMS,70.27423095703125,2026-01-20,0.0710246592546464,0.09361703375014008,0.0978531718218163,0.04319885910126442,0.04746789268117291,2026-06-10,CMS
CNC,45.7599983215332,2026-01-20,-0.04545450377297411,-0.22268354459081996,-0.16586539403381662,0.2926137171216807,0.43159974954377445,2026-06-10,CNC
CNP,38.87160873413086,2026-01-20,0.0909716123489801,0.1065788390316389,0.10018244430620382,0.08738965485533368,0.09810225929270167,2026-06-10,CNP
COF,226.87432861328125,2026-01-20,-0.10001482334792977,-0.21118535937471838,-0.09382647912665465,-0.19766154288184712,-0.21326486524877264,2026-06-10,COF
COHR,193.4600067138672,2026-01-20,0.2016953771297214,0.42442881092108387,0.783417642096778,0.8279230466782794,0.8528893777267907,2026-06-10,COHR
COIN,227.72999572753906,2026-01-20,-0.2713300594799978,-0.10898868190874977,-0.0939709054493102,-0.15052913284339664,-0.320467207204684,2026-06-10,COIN
COO,80.61000061035156,2026-01-20,0.03808460081353715,-0.12281356470561289,-0.13087709926655222,-0.23768762811486288,-0.16102224610660487,2026-06-10,COO
COP,94.08319854736328,2026-01-20,0.17732833168703066,0.3295717458612468,0.22427800347933324,0.32978047666362875,0.2775925861803179,2026-06-10,COP
COR,349.2662658691406,2026-01-20,0.0258213433452541,-0.05236284177986483,-0.06430324383470964,-0.2379166285487756,-0.1915337302487069,2026-06-10,COR
COST,961.5492553710938,2026-01-20,0.02583276665268297,0.012290955776819601,0.03836721578989688,0.13807996852613447,0.019937320137211945,2026-06-10,COST
CPAY,305.25,2026-01-20,0.1374283774186118,-0.06837017237407861,0.09628178427006562,0.12412781211609336,0.16128587527513316,2026-06-10,CPAY
CPB,25.9989013671875,2026-01-20,0.018896387857246788,-0.20521539571233383,-0.1926582021804557,-0.22265949629782655,-0.11515495074724269,2026-06-10,CPB
CPRT,40.709999084472656,2026-01-20,-0.07516574864677106,-0.2011790422720191,-0.17833452431351848,-0.18644068590713425,-0.22881353073431654,2026-06-10,CPRT
CPT,106.08805084228516,2026-01-20,0.012494127185616488,-0.07058272486074069,-0.0253379084172487,-0.009690566237471443,0.09114550390707121,2026-06-10,CPT
CRH,119.99933624267578,2026-01-20,0.03830873698298887,-0.1612124777148921,-0.028112376262457217,-0.17882878355052745,-0.1623703718962577,2026-06-10,CRH
CRL,218.19000244140625,2026-01-20,-0.2472615442713979,-0.29854713167777447,-0.15724825690768085,-0.3013887393089172,-0.1391218451252858,2026-06-10,CRL
CRM,219.52098083496094,2026-01-20,-0.15804064455584033,-0.11396371063009159,-0.1702843222690229,-0.18267494302134213,-0.21697689789898567,2026-06-10,CRM
CRWD,442.7300109863281,2026-01-20,-0.04650689094244953,-0.03286431447945415,-0.04241862605486846,0.39335484284995137,0.46646936934223193,2026-06-10,CRWD
CSCO,72.95468139648438,2026-01-20,0.07102934059071053,0.0703477065597915,0.18224078769201935,0.5815297256438712,0.6332741984264063,2026-06-10,CSCO
CSGP,63.81999969482422,2026-01-20,-0.2311187726501387,-0.32905045597646865,-0.3776245469972259,-0.4703854685257588,-0.46478374515765963,2026-06-10,CSGP
CSX,35.28527069091797,2026-01-20,0.17375383007370293,0.0874897916954509,0.22395576909479997,0.30193629672008826,0.32108953015528297,2026-06-10,CSX
CTAS,192.77127075195312,2026-01-20,0.02418363998202233,-0.05931550965697596,-0.07307682504663415,-0.10671337966216377,-0.06378681118028018,2026-06-10,CTAS
CTRA,26.030311584472656,2026-01-20,0.20938216712658408,0.3023279193515531,0.18669341661183325,,,2026-05-07,CTRA
CTSH,81.22106170654297,2026-01-20,-0.20544078997486992,-0.24749777071855616,-0.2505542322907037,-0.3735614876354606,-0.36297309353814133,2026-06-10,CTSH
CTVA,68.5871353149414,2026-01-20,0.11785187143771991,0.13564270739465933,0.16866315834085377,0.14902546237407877,0.097727738151002,2026-06-10,CTVA
CVNA,88.45800018310547,2026-01-20,-0.24757513713340285,-0.3348708040723568,-0.12381020887125616,-0.28384093758632967,-0.2394130701572582,2026-06-10,CVNA
CVS,78.74525451660156,2026-01-20,-0.026642869918105272,-0.0953770543201059,-0.026894582444959902,0.19600858341654326,0.24604337555218336,2026-06-10,CVS
CVX,162.21290588378906,2026-01-20,0.1287814587539866,0.23055390547358456,0.12395556866214497,0.21599449146982086,0.17673069298269128,2026-06-10,CVX
CZR,22.850000381469727,2026-01-20,-0.042013171807200655,0.20087527684726703,0.19124721483281149,0.2035010740000338,0.28687090572180374,2026-06-10,CZR
D,59.84657669067383,2026-01-20,0.07153384014873132,0.009498916430149329,0.03266007458621867,0.12712477565460545,0.11326334243580027,2026-06-10,D
DAL,67.09918975830078,2026-01-20,-0.0002964243177095982,-0.03369947668088902,0.06603712978939313,0.009848291466856951,0.14785285665149672,2026-06-10,DAL
DASH,205.6699981689453,2026-01-20,-0.1433363932026831,-0.22565276450280514,-0.10589779245004871,-0.24806731524619907,-0.25968786958531664,2026-06-10,DASH
DD,41.9445686340332,2026-01-20,0.18826872806435557,0.03345881780729365,0.12440888409339923,0.11003648123139631,0.08440739985213974,2026-06-10,DD
DDOG,117.0,2026-01-20,0.030769217727530718,0.11059831146501065,0.08213675735343218,0.8388888367220886,0.9640598134097891,2026-06-10,DDOG
DDS,679.6526489257812,2026-01-20,-0.024602285192604656,-0.11452598727898133,-0.10870645396778156,-0.2187185603715851,-0.13919266154900722,2026-06-10,DDS
DE,507.196533203125,2026-01-20,0.30140754867562913,0.11578997023793769,0.16416415199783208,0.10030327652243565,0.12343036770082172,2026-06-10,DE
DECK,97.9800033569336,2026-01-20,0.2050418008734325,0.07072872083837689,0.1481934695406284,-0.0378649376072373,0.13472133594602576,2026-06-10,DECK
DELL,110.7273941040039,2026-01-20,0.07193655512706632,0.4113622017822183,0.7696047773136583,1.124677424322487,2.4057966710582823,2026-06-10,DELL
DG,145.93797302246094,2026-01-20,0.03519053519529258,-0.15808503824317188,-0.13195998490619854,-0.2909316114661449,-0.2528674929222974,2026-06-10,DG
DGX,188.12939453125,2026-01-20,0.07139454085115338,0.027573457845928573,0.03662697027426165,0.012016223536098769,0.08154284835539038,2026-06-10,DGX
DHI,152.29348754882812,2026-01-20,0.07217926266939423,-0.0967194104304846,-0.019274788777467244,-0.11539223778357965,-0.03722081383821951,2026-06-10,DHI
DHR,233.83155822753906,2026-01-20,-0.09849361002089152,-0.18870825811280523,-0.16713551636819357,-0.2856396520969683,-0.20878945549854044,2026-06-10,DHR
DIS,110.33999633789062,2026-01-20,-0.03933293893358847,-0.10096066484844513,-0.03670469056352976,-0.07295627777358304,-0.10168474516549164,2026-06-10,DIS
DKS,204.9095916748047,2026-01-20,-0.01701815219426972,-0.06404846840279088,0.09492190568811942,0.032406542430144514,0.050414496139126186,2026-06-10,DKS
DLR,158.54052734375,2026-01-20,0.10825706209904196,0.1344102931710458,0.28434034204828595,0.17496770005944118,0.14797145593810734,2026-06-10,DLR
DLTR,134.05999755859375,2026-01-20,-0.003655007036389324,-0.21259138086693963,-0.20983140210131035,-0.32410859122424984,-0.18163508069197465,2026-06-10,DLTR
DOC,17.417354583740234,2026-01-20,-0.03715306333643975,0.006575110247697413,-0.00797298643956057,0.10809016055043363,0.17325506394749723,2026-06-10,DOC
DOV,200.31785583496094,2026-01-20,0.1552640300742738,0.05318870743068782,0.09093595223838213,0.03356809562683094,0.08063257924969869,2026-06-10,DOV
DOW,26.00443458557129,2026-01-20,0.1809631685574682,0.42716509314012163,0.3552166220851056,0.4366820199162187,0.3176598505495125,2026-06-10,DOW
DPZ,385.6919250488281,2026-01-20,-0.006475131688440716,-0.02694362153043206,-0.03534408320451243,-0.18911965823394872,-0.17893019762939044,2026-06-10,DPZ
DRI,207.28419494628906,2026-01-20,0.019628435982953274,-0.02135200823698813,-0.02997907111866638,-0.06538944863723029,-0.007256685283612452,2026-06-10,DRI
DTE,134.55372619628906,2026-01-20,0.06946395447642817,0.09354087433445235,0.09235173103361238,0.06388725116133132,0.09220317317321736,2026-06-10,DTE
DUK,117.52483367919922,2026-01-20,0.06605003890169026,0.09447927077101959,0.08005367362114857,0.059861083476178356,0.06479622622769154,2026-06-10,DUK
DVA,103.93000030517578,2026-01-20,0.4176849408760466,0.44096982648981853,0.4231694720272541,0.8725103438747883,0.9090252881430636,2026-06-10,DVA
DVN,36.1014404296875,2026-01-20,0.2306420819765811,0.3514696459425921,0.22515885836689287,0.37639933574082907,0.29205372147438813,2026-06-10,DVN
DXCM,70.7300033569336,2026-01-20,0.021772843390963192,-0.048918514769559995,-0.09543338744993246,-0.05344275737717541,0.0650360279343909,2026-06-10,DXCM
EA,203.6146240234375,2026-01-20,-0.020196059858118454,-0.01529463834471112,0.00011210957241880593,-0.01033896059438455,-0.0020363324942102023,2026-06-10,EA
EBAY,90.14788055419922,2026-01-20,-0.06560087908940715,0.0037855042835213126,0.1576609342880837,0.26374755699181684,0.19703317480915272,2026-06-10,EBAY
ECL,272.2702941894531,2026-01-20,0.10256414854793672,-0.049841213940802875,0.009291111287210052,-0.09747776025630839,-0.05248564940096412,2026-06-10,ECL
ED,103.36531829833984,2026-01-20,0.0737673415681186,0.07156071769600003,0.05678587400529023,0.046192293217030445,0.04029088817717996,2026-06-10,ED
EFX,207.07516479492188,2026-01-20,-0.06263493047391633,-0.1265160588725357,-0.05567487969459306,-0.22599215761868907,-0.19823802115087907,2026-06-10,EFX
EG,318.0145263671875,2026-01-20,0.07165622271056638,-0.006460506491886342,0.10526394580018628,0.12268456053815968,0.05823783431055496,2026-06-10,EG
EIX,59.19521713256836,2026-01-20,0.21281924330010615,0.1999666702561229,0.19519791339821557,0.19401539058277506,0.2065163644724779,2026-06-10,EIX
EL,113.66250610351562,2026-01-20,-0.023763771337467987,-0.24979399880735442,-0.33217641971672385,-0.332702263099971,-0.24566155715690696,2026-06-10,EL
ELV,364.8111572265625,2026-01-20,-0.05143577132994681,-0.20191587310563408,-0.11447338878305846,0.10268006075221514,0.10649029139045818,2026-06-10,ELV
EME,687.4176635742188,2026-01-20,0.1683581423236855,0.0924305476570304,0.17257677610715283,0.24285428004472487,0.1420859085485291,2026-06-10,EME
EMN,65.40235900878906,2026-01-20,0.1787278688463394,0.05133825718717877,0.12809384703359084,0.04201136715451814,0.1025596278669565,2026-06-10,EMN
EMR,144.08177185058594,2026-01-20,0.04587132936540517,-0.10205767662376541,0.01165406395289903,-0.09322329800351448,-0.04741593445748671,2026-06-10,EMR
ENPH,34.52000045776367,2026-01-20,0.28186556816942376,0.29316334871625815,-0.0590962018677651,0.3545769901928466,0.4746523205172253,2026-06-10,ENPH
EOG,105.3917007446289,2026-01-20,0.16627446512031607,0.3070334006302782,0.21859683227786264,0.369178047533423,0.3344029322347106,2026-06-10,EOG
EPAM,206.47999572753906,2026-01-20,-0.3260363883107682,-0.34293877868939504,-0.3639093420400856,-0.5132215991090073,-0.546517802820053,2026-06-10,EPAM
EQIX,776.1104125976562,2026-01-20,0.17065809422975042,0.24977404083252996,0.39575785796450136,0.3442290229166203,0.3389911270181891,2026-06-10,EQIX
EQR,60.28984069824219,2026-01-20,0.03326774069860594,-0.02802357791582466,0.03964448370160123,0.09039926300031254,0.11867934819059234,2026-06-10,EQR
EQT,51.191043853759766,2026-01-20,0.16430622027396846,0.2599518980880329,0.1391772747342006,0.1675870612936099,0.03064900321735098,2026-06-10,EQT
ERIE,285.2297668457031,2026-01-20,-0.04270078486828466,-0.1601715696370659,-0.14170950575777286,-0.21764829679505782,-0.1881313454183312,2026-06-10,ERIE
ES,69.22761535644531,2026-01-20,0.04068360759910794,-0.006129845019761326,-0.011411864618601997,-0.006032531897874782,0.005668076072191219,2026-06-10,ES
ESS,253.51438903808594,2026-01-20,-0.007102487920209066,-0.03890734251581418,0.005741733982596475,0.07540248866053423,0.1271549559148346,2026-06-10,ESS
ETN,335.6131286621094,2026-01-20,0.11768712722340635,0.07039100526844089,0.20701629507634145,0.10806155398412942,0.12444947069622359,2026-06-10,ETN
ETR,93.62004089355469,2026-01-20,0.09772580251628105,0.10420613992411032,0.22722620207732636,0.18083694470345701,0.18911502158835747,2026-06-10,ETR
EVRG,74.86629486083984,2026-01-20,0.04466040788250125,0.07373445600805062,0.09108696482936951,0.0990346865724876,0.11265026814261869,2026-06-10,EVRG
EW,83.45999908447266,2026-01-20,-0.05439732764593319,-0.011981787814158373,-0.029595030527176935,-0.015576269310134006,0.026300020595526163,2026-06-10,EW
EXC,44.15314483642578,2026-01-20,0.0536150991465536,0.07722116635543608,0.05500816364827377,0.001158237578148258,0.03526032525688838,2026-06-10,EXC
EXE,103.55485534667969,2026-01-20,-0.00859189419811568,0.03617600110571306,-0.08025577276064744,-0.025733761571197,-0.1446079323416789,2026-06-10,EXE
EXPD,158.30419921875,2026-01-20,-0.05291603821015589,-0.07466053709512754,-0.07428346318864187,-0.009552442575268216,0.03616959997779201,2026-06-10,EXPD
EXPE,270.9855041503906,2026-01-20,-0.2659929954470067,-0.1183928020610715,-0.021066588975943046,-0.20828054880072455,-0.17818483447495082,2026-06-10,EXPE
EXR,143.86233520507812,2026-01-20,0.003847939821144397,-0.05472127016909556,0.010410406609474787,-0.0246926177127631,0.04627805504402671,2026-06-10,EXR
F,12.974174499511719,2026-01-20,0.048888639623275054,-0.11400113845453619,-0.020377586441100548,0.0066151353296666215,0.1071995194498725,2026-06-10,F
FANG,147.0078887939453,2026-01-20,0.1749831773093431,0.2874752096907003,0.2195531615189008,0.41332554311886827,0.34176472853424156,2026-06-10,FANG
FAST,42.16084671020508,2026-01-20,0.09023116004007514,0.04965132322368371,0.08008622345588168,0.033423261024737805,0.09319436749907006,2026-06-10,FAST
FCX,59.938018798828125,2026-01-20,0.04161810626924267,-0.10737473963225963,0.17137670699661767,-0.02065497092995139,0.043828272614379715,2026-06-10,FCX
FDS,274.28936767578125,2026-01-20,-0.28215123108654583,-0.24231128602254093,-0.1556363912694314,-0.19481967673477962,-0.10545199920693504,2026-06-10,FDS
FDX,241.59104919433594,2026-01-20,0.2727635492929885,0.1877678084592278,0.30874265635674947,0.25067336006625696,0.3261873321968398,2026-06-10,FDX
FDXF,,2026-01-20,,,,,,2026-06-10,FDXF
FE,46.334556579589844,2026-01-20,0.05890645451142995,0.061469863397376256,0.07022823197730732,-0.02729187410250644,0.003570627035697882,2026-06-10,FE
FFIV,259.70001220703125,2026-01-20,0.07504809132945933,0.11782816383367511,0.19703496536366671,0.47670381969129894,0.5091835931303137,2026-06-10,FFIV
FICO,1494.5,2026-01-20,-0.09486117064653732,-0.2551622387556457,-0.2816861696010371,-0.2063231686757695,-0.17497989045772,2026-06-10,FICO
FIS,59.5579719543457,2026-01-20,-0.18428497450643755,-0.17290672087871684,-0.1856673689766034,-0.2696191866078814,-0.34828206278644425,2026-06-10,FIS
FISV,64.48999786376953,2026-01-20,-0.045898576252482504,-0.11583187553805929,-0.008063213836118632,-0.13118311931632864,-0.17010385748777956,2026-06-10,FISV
FITB,49.671295166015625,2026-01-20,0.05546695530738277,-0.12889062863834444,0.013462604192970185,-0.04170007415694854,0.06530342602644712,2026-06-10,FITB
FIVE,191.22000122070312,2026-01-20,0.1294320669490736,0.2298399574713723,0.2355401788443059,0.12116932340253928,0.011478883230924497,2026-06-10,FIVE
FIX,1133.7164306640625,2026-01-20,0.2104165803041862,0.2737171470394584,0.4552346968824983,0.6101910059914475,0.5293330052904983,2026-06-10,FIX
FOX,64.79179382324219,2026-01-20,-0.20985570610864546,-0.19712053968317522,-0.09664487853242731,-0.10343584079393431,-0.05805974525428059,2026-06-10,FOX
FOXA,71.60873413085938,2026-01-20,-0.21956647737563795,-0.19451166110868434,-0.09131196795192786,-0.09857360508848378,-0.05123301974237948,2026-06-10,FOXA
FRT,101.50840759277344,2026-01-20,0.0318713918395539,0.03596491821440351,0.10857811138895346,0.13133482300894928,0.22383954494994707,2026-06-10,FRT
FSLR,242.11000061035156,2026-01-20,-0.03638840831185841,-0.1753748569114323,-0.2134153815979799,-0.08425919559314632,0.03762752710497508,2026-06-10,FSLR
FTNT,75.45999908447266,2026-01-20,0.08229524463048232,0.10151078392585844,0.08454806958420402,0.6914921937219161,0.8446197854892472,2026-06-10,FTNT
FTV,52.64239501953125,2026-01-20,0.09791267871159537,0.055233129428296834,0.14964375073188996,0.10557281334457214,0.15097347166875563,2026-06-10,FTV
GAP,26.014598846435547,2026-01-20,0.07709913130899282,-0.08091608695033747,0.038647592348550974,-0.2012177158944456,-0.17988360264890568,2026-06-10,GAP
GD,357.5094299316406,2026-01-20,-0.013447781618386001,-0.02656128719834594,-0.05935345926616853,-0.04858449548176769,-0.038570811163146645,2026-06-10,GD
GDDY,103.48999786376953,2026-01-20,-0.1432022417696126,-0.19161266413169353,-0.17170738245118322,-0.1260025237674922,-0.21963471056845518,2026-06-10,GDDY
GE,311.88568115234375,2026-01-20,0.07171666567187263,-0.0650100245893539,-0.024867048210985065,-0.08530587962469194,0.03262223492079652,2026-06-10,GE
GEHC,78.79167175292969,2026-01-20,0.053025442459667005,-0.10719280065364101,-0.05243787825414026,-0.21844529426722092,-0.18671605252909207,2026-06-10,GEHC
GEN,24.873262405395508,2026-01-20,-0.10663440983814354,-0.17781572889234232,-0.19541110854564914,-0.022243270768183443,-0.00013112739732135115,2026-06-10,GEN
GEV,684.4461059570312,2026-01-20,0.21865780747487618,0.28189788357641565,0.46505326171429995,0.47827561437903543,0.25678277041171427,2026-06-10,GEV
GGLAP,,2026-01-20,,,,,,2026-06-09,GGLAP
GILD,123.43898010253906,2026-01-20,0.21733521045349402,0.14315591795341653,0.11504485273057807,0.05720251327089265,-0.010766287043878164,2026-06-10,GILD
GIS,43.71219253540039,2026-01-20,0.007873974518821214,-0.1563554721579029,-0.1878696093486899,-0.22744665735046388,-0.2263028291835273,2026-06-10,GIS
GL,136.6780548095703,2026-01-20,0.051167909019347535,0.005182569409890148,0.11107815239201213,0.09651834982577956,0.19203483894145723,2026-06-10,GL
GLW,92.25614929199219,2026-01-20,0.40423486284296706,0.4402981161902906,0.7790515835086391,0.9029726440139336,0.8271953535659935,2026-06-10,GLW
GM,77.45829772949219,2026-01-20,0.04703763976449804,-0.04941879992679721,0.04758449400321929,-0.06436234057554047,0.0353958103794747,2026-06-10,GM
GNRC,162.05999755859375,2026-01-20,0.40361597338948507,0.23935585048307262,0.30877458533114943,0.5054301178333309,0.4877514461294874,2026-06-10,GNRC
GOOG,321.73956298828125,2026-01-20,-0.05773534487452148,-0.05033092846068232,0.054255990982249314,0.1955896377059445,0.10185395440018463,2026-06-10,GOOG
GOOGL,321.5814208984375,2026-01-20,-0.0594720989069597,-0.045508741096152994,0.06186496330276969,0.20476048580414097,0.10824193031037477,2026-06-10,GOOGL
GPC,129.36268615722656,2026-01-20,-0.09547615079324356,-0.24226958922555586,-0.12986026159975927,-0.29289201245636753,-0.24061641113797705,2026-06-10,GPC
GPN,71.43547821044922,2026-01-20,0.11971538335595211,-0.045572284064268276,0.013082078534978114,-0.04893192929632639,-0.12081500847307292,2026-06-10,GPN
GRMN,199.963623046875,2026-01-20,0.19463958898774303,0.17576385658524307,0.3373433095130829,0.14365802617907808,0.16766240746913197,2026-06-10,GRMN
GWW,1030.21484375,2026-01-20,0.09244577890685735,0.01041528428157057,0.12655411682180984,0.2079228439532106,0.2770345943845147,2026-06-10,GWW
HAL,31.77027130126953,2026-01-20,0.10324389383489185,0.15748321463486437,0.16437866832781278,0.3471061499791197,0.25762230521015717,2026-06-10,HAL
HAS,83.86026763916016,2026-01-20,0.19460061484390123,0.08058137875073923,0.14906393741551027,0.14941874952748568,-0.013895352079603795,2026-06-10,HAS
HBAN,17.808815002441406,2026-01-20,-0.007782093249314448,-0.14817464978920303,-0.05383932736907182,-0.13189058137626986,-0.04906646154610694,2026-06-10,HBAN
HCA,463.6903076171875,2026-01-20,0.1384210716138865,0.07755108461094773,0.05242657002630735,-0.12724075575133786,-0.1967698998907741,2026-06-10,HCA
HD,369.8447265625,2026-01-20,0.00925062579048963,-0.1191802474644923,-0.06231252689974942,-0.18833942070812026,-0.13362293746583898,2026-06-10,HD
HIG,127.64596557617188,2026-01-20,0.08936326581160547,0.024239469070598707,0.09035963108066714,0.05277723519934363,0.014838132183901065,2026-06-10,HIG
HII,412.5038146972656,2026-01-20,0.06631693229044333,0.009980080528670499,-0.047009656412238754,-0.21648215108095958,-0.29563077401110094,2026-06-10,HII
HLT,289.7084655761719,2026-01-20,0.0784536920081571,0.02755560920818101,0.17660186532060385,0.08814023813127903,0.16641401125672806,2026-06-10,HLT
HON,212.8378143310547,2026-01-20,0.11949588412091039,0.0701960255479086,0.09131680386024654,0.02026040146570196,-0.023082417448881176,2026-06-10,HON
HOOD,105.77999877929688,2026-01-20,-0.2848364303376696,-0.29892224883799223,-0.1420873412057415,-0.29892224883799223,-0.16931363432970814,2026-06-10,HOOD
HPE,20.25936508178711,2026-01-20,0.04904365027883384,0.08484559312399043,0.3050754763201742,0.6101195077041035,1.2436538187427262,2026-06-10,HPE
HPQ,19.48387336730957,2026-01-20,-0.07373735959717131,-0.051523319113619404,0.020330957094068403,0.0762746666449996,0.2697680437929466,2026-06-10,HPQ
HRL,24.215194702148438,2026-01-20,-0.0004071445720043032,-0.08916930849853844,-0.12492958265672827,-0.1575537645080206,0.004121620046289465,2026-06-10,HRL
HSIC,77.7300033569336,2026-01-20,-0.011964495883336701,-0.06496851709330775,0.014151529996337953,-0.061880933748335254,0.024958120779994486,2026-06-10,HSIC
HST,18.04759407043457,2026-01-20,0.10032892146879724,0.04714917993683665,0.17023913308378424,0.20736319924346902,0.3378514811189057,2026-06-10,HST
HSY,196.06532287597656,2026-01-20,0.11305890724167322,0.0658357703592023,-0.025016854955240087,-0.01665424449526076,-0.09389893034948027,2026-06-10,HSY
HUBB,469.8479309082031,2026-01-20,0.11431837031193282,0.04538912990062283,0.13646415553881375,-0.020710280354406918,-0.005178105942870714,2026-06-10,HUBB
HUM,266.6457824707031,2026-01-20,-0.28917914141759227,-0.37891797708919384,-0.23066475123345498,0.1646536649312631,0.38168325789369417,2026-06-10,HUM
HWM,220.1368865966797,2026-01-20,0.14105984442524733,0.057693857949020266,0.1609931758685914,0.14982999455669277,0.14260723256313512,2026-06-10,HWM
IBKR,71.36099243164062,2026-01-20,0.03468054706787704,-0.05240228502320221,0.14386468789838336,0.16822303010190498,0.20359872337714036,2026-06-10,IBKR
IBM,287.5816955566406,2026-01-20,-0.11535551049787673,-0.135756048430956,-0.12505527418382834,-0.22689793799040414,-0.04684481110316285,2026-06-10,IBM
ICE,170.3995361328125,2026-01-20,-0.09850828812397339,-0.06983314862745749,-0.053753260410928205,-0.09559612597633238,-0.17558463528887547,2026-06-10,ICE
IDXX,686.02001953125,2026-01-20,-0.08059537256693916,-0.15476231148160569,-0.14106005185879544,-0.20339060861841085,-0.17930965024851087,2026-06-10,IDXX
IEX,192.61370849609375,2026-01-20,0.07532330328162606,-0.030625996781147524,0.06528712525544367,0.06130364476898453,0.1279570711927911,2026-06-10,IEX
IFF,70.4439697265625,2026-01-20,0.15184877841258615,-0.03852670440859707,0.0771681032167284,0.0219469195618609,0.06751503698813166,2026-06-10,IFF
INCY,102.62000274658203,2026-01-20,-0.008672767158721228,-0.09423119800746571,-0.04677453637972828,-0.06840775759670059,0.02791851283462332,2026-06-10,INCY
INTC,48.560001373291016,2026-01-20,-0.08113678603751706,-0.04901155273492808,0.4106259897611202,1.2817133426338834,1.1989290724779105,2026-06-10,INTC
INTU,527.3204345703125,2026-01-20,-0.2786841964540562,-0.1393515893874011,-0.2542485095984568,-0.24199791009278415,-0.4597118182771507,2026-06-10,INTU
INVH,26.961074829101562,2026-01-20,-0.05899598793607641,-0.08391355640687959,0.002556495168714479,0.06301399440042887,0.10158815815760858,2026-06-10,INVH
IP,40.642181396484375,2026-01-20,0.124819975476117,-0.17572693114315385,-0.09984528027884843,-0.2877311409762848,-0.1997230363060094,2026-06-10,IP
IQV,233.69000244140625,2026-01-20,-0.27527922101496116,-0.2876460290061291,-0.2448970650419181,-0.25893281327170525,-0.21763875253116072,2026-06-10,IQV
IR,85.11754608154297,2026-01-20,0.12963828259457455,-0.03501699050251028,0.007735471800498495,-0.19476060964133368,-0.16245234740166004,2026-06-10,IR
IRM,91.60317993164062,2026-01-20,0.17108823038505783,0.14559344467864865,0.28892905009339853,0.34842476795285804,0.3540469201469989,2026-06-10,IRM
ISRG,527.4400024414062,2026-01-20,-0.05291597818314875,-0.09007661448830462,-0.11040120339146431,-0.16278631782138842,-0.21344611058837992,2026-06-10,ISRG
IT,221.8300018310547,2026-01-20,-0.29252129492866585,-0.2820628716032376,-0.30297978704005146,-0.3051435869029061,-0.29833659734165663,2026-06-10,IT
ITW,252.85092163085938,2026-01-20,0.15472591066305763,0.024248381403523478,0.07676099422370797,-0.021676513885417248,-0.0028907409510611215,2026-06-10,ITW
IVZ,27.471887588500977,2026-01-20,-0.04791316584857197,-0.1580749419173445,-0.10389704885330542,-0.03646958265677558,-0.0002507085066832948,2026-06-10,IVZ
J,135.4490203857422,2026-01-20,0.022608856109761266,-0.057830947165905866,-0.051133816774019736,-0.16918092097962922,-0.08127794437334135,2026-06-10,J
JBHT,202.71609497070312,2026-01-20,0.11140952166177076,-0.014246904187079745,0.20673513281920752,0.2654643866160258,0.3898995288140896,2026-06-10,JBHT
JBL,246.6167755126953,2026-01-20,0.06392088194008805,0.07555575244750479,0.3041179779309562,0.3497865430718703,0.4350605425213292,2026-06-10,JBL
JCI,114.20793914794922,2026-01-20,0.24563546467899355,0.16673149865162173,0.2334518612992329,0.18573191302854353,0.23362701788300622,2026-06-10,JCI
JKHY,185.3402099609375,2026-01-20,-0.13759709004832354,-0.11679060954075826,-0.1724913834949059,-0.24532678503095884,-0.30711204980283957,2026-06-10,JKHY
JNJ,215.81494140625,2026-01-20,0.13152469575034664,0.09464785888336591,0.07889152784345321,0.059633837041193294,0.10363068990404734,2026-06-10,JNJ
JPM,301.19854736328125,2026-01-20,0.017539789054836108,-0.04878773098280653,0.030184279642873735,-0.018255516848884823,0.03367892394419503,2026-06-10,JPM
KDP,27.705293655395508,2026-01-20,0.0411448706978661,-0.028622593576988042,-0.042421242069062726,0.0413172565615918,0.16349608169823204,2026-06-10,KDP
KEY,20.67839813232422,2026-01-20,0.03319117504360114,-0.07677128749364936,0.04389962731874264,0.00176056013243997,0.055932811852599684,2026-06-10,KEY
KEYS,211.9600067138672,2026-01-20,0.1301188228848138,0.36917334526623,0.5773730220212194,0.6234665712956386,0.532600470908849,2026-06-10,KEYS
KHC,22.951778411865234,2026-01-20,0.009680103831504194,-0.06880249892340795,-0.0384187534934185,-0.0037555651621968833,0.04763123993317908,2026-06-10,KHC
KIM,20.513521194458008,2026-01-20,0.07629953827027136,0.11341020863518936,0.16645273502270053,0.12594754826897603,0.24162005498283445,2026-06-10,KIM
KKR,122.4362564086914,2026-01-20,-0.17147956142725884,-0.2614723424434189,-0.1555025824146551,-0.24107449137632098,-0.22212585832533904,2026-06-10,KKR
KLAC,1482.3594970703125,2026-01-20,-0.00966913215798193,0.018371902836161746,0.2069652305033587,0.17419557097634786,0.44913558203906634,2026-06-10,KLAC
KMB,98.88365173339844,2026-01-20,0.07094990015336933,-0.016578429331716604,-0.013984777883103261,-0.03762754344265873,0.029694978997564903,2026-06-10,KMB
KMI,27.437639236450195,2026-01-20,0.17509778262070985,0.2075989079072451,0.15631934849819862,0.25047206421866886,0.1624542542782612,2026-06-10,KMI
KMX,47.45000076293945,2026-01-20,-0.06048469727583994,-0.10684930691896033,-0.13846152980371873,-0.23561644099925616,0.022550045892937742,2026-06-10,KMX
KO,71.26001739501953,2026-01-20,0.09979097862324693,0.06020186092514357,0.06286807992083254,0.1495927332550837,0.1733087314148647,2026-06-10,KO
KR,62.50560760498047,2026-01-20,0.07631297729024555,0.17387026432564956,0.08522526360244775,0.1294986350711942,0.025347945466318578,2026-06-10,KR
KSS,17.842498779296875,2026-01-20,0.06881239705608189,-0.2798093730918495,-0.1862126130779611,-0.3420204245864712,-0.11587497840636396,2026-06-10,KSS
KVUE,17.183237075805664,2026-01-20,0.07301271566711609,0.0022836141554551936,0.012634192718031345,-0.0019342954490332298,0.05247916936074226,2026-06-10,KVUE
L,102.18201446533203,2026-01-20,0.05913970827436987,0.033342215949719645,0.08909274190688254,0.0549578103098729,0.05762252056099215,2026-06-10,L
LDOS,190.44781494140625,2026-01-20,-0.07673372118102861,-0.12863270707884533,-0.18523613297067554,-0.3386114767280166,-0.359509567518733,2026-06-10,LDOS
LEN,114.04369354248047,2026-01-20,0.012836555684781814,-0.18254354196750255,-0.19065536477112055,-0.27220876997391275,-0.2134593841891873,2026-06-10,LEN
LH,269.88922119140625,2026-01-20,0.04117063727635295,-0.024168761371050396,0.00018171065828553878,-0.06259751258801438,-0.005962529385225457,2026-06-10,LH
LHX,339.7651062011719,2026-01-20,0.04781952504634024,0.06612611413399105,0.026992776615062608,-0.09670952051314319,-0.09981925594671104,2026-06-10,LHX
LII,503.9600524902344,2026-01-20,0.08879399565077928,-0.05585232148481245,-0.03343532300905616,-0.042205825528681795,0.017054804528804146,2026-06-10,LII
LIN,430.339111328125,2026-01-20,0.1315017879136695,0.13458432921892882,0.14021329302325047,0.17227263031232742,0.18392676106518002,2026-06-10,LIN
LITE,356.8299865722656,2026-01-20,0.7813525728441182,1.1638596360691222,1.5055910124390586,1.4944372960516499,1.4221899226049284,2026-06-10,LITE
LKQ,32.00736618041992,2026-01-20,0.02507645813934012,-0.11805683758814545,-0.03900309622540343,-0.24219588276748372,-0.20034034762248287,2026-06-10,LKQ
LLY,1037.7685546875,2026-01-20,-0.015713470722469203,-0.11741077940103983,-0.10824340696826407,-0.015763227233161592,0.09674265415108096,2026-06-10,LLY
LMT,569.31298828125,2026-01-20,0.15701479819512443,0.11250528537599713,0.03341826385797719,-0.08098911362636396,-0.0707132920452197,2026-06-10,LMT
LNT,66.24143981933594,2026-01-20,0.04903806529025734,0.06866720461328768,0.09129321185230155,0.10202918594609467,0.10459552764109636,2026-06-10,LNT
LOW,265.9234924316406,2026-01-20,0.04109283903279182,-0.1403067738333107,-0.05793403575325107,-0.17882398008396128,-0.18997378979343182,2026-06-10,LOW
LRCX,222.1438446044922,2026-01-20,0.067353123989631,0.053326532228533896,0.20462489779968562,0.23064406924955239,0.45037781918489905,2026-06-10,LRCX
LULU,188.75999450683594,2026-01-20,-0.031150613451678688,-0.12285435398112055,-0.11379527629071406,-0.3684042981025538,-0.3633449536500931,2026-06-10,LULU
LUV,42.197723388671875,2026-01-20,0.22888152827548303,-0.03146436229646321,0.011902949589039036,-0.11488119560147103,-0.022940223542471938,2026-06-10,LUV
LVS,57.89927673339844,2026-01-20,-0.0025098254388538077,-0.0718825100731667,-0.010236956932518138,-0.13781309568329003,-0.12175071360107437,2026-06-10,LVS
LW,42.76919174194336,2026-01-20,0.1262969613761069,-0.058174742123999756,0.038696139126966456,-0.013542297425891414,0.037428979242820404,2026-06-10,LW
LYB,47.77412414550781,2026-01-20,0.13241917324752261,0.5447275166284724,0.37279190654519034,0.5130333687328825,0.3632902417017334,2026-06-10,LYB
LYV,140.64999389648438,2026-01-20,0.11951662671066066,0.09626739518301752,0.11311769891592616,0.15897619325037504,0.1962318329272641,2026-06-10,LYV
M,21.06181526184082,2026-01-20,0.03333343294884461,-0.14299888149892725,-0.07225466216440779,-0.09551959314851755,0.08513911351432024,2026-06-10,M
MA,530.8277587890625,2026-01-20,-0.02158942505083894,-0.07635302277246547,-0.0179488936634149,-0.0586400128226916,-0.07693224003177157,2026-06-10,MA
MAA,132.79214477539062,2026-01-20,0.004835644617408041,-0.0737240748984277,-0.03653937770333826,-0.03254818695788164,0.05345086206916361,2026-06-10,MAA
MAR,312.61773681640625,2026-01-20,0.11486746497266953,0.03720912570244539,0.2065389817000587,0.14511544381033015,0.2357264226036715,2026-06-10,MAR
MAS,67.54603576660156,2026-01-20,0.1013789739844404,-0.12007553261494974,-0.018999154448565148,-0.050088248642272126,0.05083892120919953,2026-06-10,MAS
MCD,299.12890625,2026-01-20,0.08014135282134327,0.027966540214424684,0.03387705348864545,-0.06759801409039268,-0.05121172969690635,2026-06-10,MCD
MCHP,72.37841796875,2026-01-20,0.05453059751334077,-0.12993497058644954,0.08273541381357474,0.262137305961641,0.2161083250129865,2026-06-10,MCHP
MCK,820.2506103515625,2026-01-20,0.14029488534328416,0.09473512361721337,0.05507156566723115,-0.07217560908241138,-0.03689192026838928,2026-06-10,MCK
MCO,514.95556640625,2026-01-20,-0.13147105522415936,-0.15572798586043057,-0.11785388511030892,-0.1562573189244748,-0.12303112042244235,2026-06-10,MCO
MDLZ,57.49223327636719,2026-01-20,0.01120882921144406,-0.025866477909852748,-0.004213321740395126,0.06605705540962648,0.1122371849331083,2026-06-10,MDLZ
MDT,97.80148315429688,2026-01-20,-0.010344771634934191,-0.11896549787363109,-0.11872499616975873,-0.19653568333843507,-0.17915356505746605,2026-06-10,MDT
MET,74.46172332763672,2026-01-20,0.040884862231959085,-0.08559386228083288,0.040618362152603504,0.08874729286227545,0.16576673794169117,2026-06-10,MET
META,603.6032104492188,2026-01-20,0.06730455278789949,0.005130525656925844,0.1407328123396332,-0.001645493397752218,-0.050700874215766634,2026-06-10,META
MGM,33.599998474121094,2026-01-20,0.08511906964979032,0.10535717488957252,0.1485119614606567,0.07202387183161552,0.40104175299879485,2026-06-10,MGM
MHK,119.81999969482422,2026-01-20,0.06960443989756926,-0.18018691698280176,-0.0917208971103366,-0.2127357530353141,-0.14162912088069524,2026-06-10,MHK
MKC,67.23072814941406,2026-01-20,0.009730181321837561,-0.20315496956105417,-0.19902693647550984,-0.2971963668905794,-0.26596067255964717,2026-06-10,MKC
MKTX,170.77899169921875,2026-01-20,0.05227528669144821,0.017102399784420852,-0.015857601187687198,-0.1738445406307194,-0.3263222723882371,2026-06-10,MKTX
MLM,629.2268676757812,2026-01-20,0.07053420844361846,-0.09943416850862041,-0.012864171632998023,-0.15469287638978302,-0.12040465007503454,2026-06-10,MLM
MMM,154.6229248046875,2026-01-20,0.061943472298647384,-0.08179373333722806,-0.005614322898369051,-0.03900716918600011,0.020870652284610713,2026-06-10,MMM
MNST,81.47000122070312,2026-01-20,0.00638267626457667,-0.0948815912742278,-0.05830366918900853,0.05989931484348454,0.11844852560805719,2026-06-10,MNST
MO,60.142242431640625,2026-01-20,0.11185602268385342,0.06410463120217225,0.0669704948544736,0.2304163763782252,0.21462054120759655,2026-06-10,MO
MOH,191.27000427246094,2026-01-20,-0.22496992637696267,-0.2564960342067468,-0.22115335445646855,-0.03602237274922493,0.02797088265395553,2026-06-10,MOH
MOS,26.534223556518555,2026-01-20,0.11579724078689857,-0.022533178306554102,-0.08334512806781402,-0.201611104422037,-0.24041490629206252,2026-06-10,MOS
MPC,173.3463897705078,2026-01-20,0.1290862343314676,0.3549953967407393,0.2280471978655032,0.5115399251207855,0.5351342805804253,2026-06-10,MPC
MPWR,1032.4259033203125,2026-01-20,0.13603794347662057,0.056259475907739276,0.4222327925555531,0.42200033981138696,0.4365001413516052,2026-06-10,MPWR
MRK,108.6452865600586,2026-01-20,0.11338516490635242,0.051127025976529294,0.09595182142580017,0.05149520500015625,0.08886456833414624,2026-06-10,MRK
MRNA,43.0,2026-01-20,0.15581397123115015,0.21790695190429688,0.24930235396984002,0.06325584234193316,0.07930232203283971,2026-06-10,MRNA
MRSH,179.16387939453125,2026-01-20,-0.006751075910406024,-0.05095214621684585,-0.01877541586028031,-0.07308321361739933,-0.06476685967702756,2026-06-10,MRSH
MS,180.1336212158203,2026-01-20,-0.037170621818096494,-0.12452481894264389,0.04261888177255568,0.052440963277569086,0.15220024807634114,2026-06-10,MS
MSCI,579.83251953125,2026-01-20,-0.07012322978500152,-0.04408895348788244,-0.02298668965058437,-0.0036950619664722906,0.04304684559203098,2026-06-10,MSCI
MSFT,452.5048522949219,2026-01-20,-0.12133793832466966,-0.14215454758630797,-0.06768672291867117,-0.07952836043995826,-0.11501503370824251,2026-06-10,MSFT
MSI,390.0494079589844,2026-01-20,0.16006953683861824,0.17408205950971967,0.13308719981842,0.022255137042168194,0.06681352890380121,2026-06-10,MSI
MTB,208.7871551513672,2026-01-20,0.0821878123155797,-0.06661916272475299,0.040635821991767296,-0.01753399729227534,0.0662533092890305,2026-06-10,MTB
MTCH,30.65802764892578,2026-01-20,-0.00518638097814339,0.020097195183466976,0.1582610182288562,0.15304216171126428,0.11520542085188445,2026-06-10,MTCH
MTD,1403.5799560546875,2026-01-20,-0.019272095359531116,-0.1518189005913746,-0.04488522348031121,-0.2513643309036333,-0.19455246928477998,2026-06-10,MTD
MU,364.84674072265625,2026-01-20,0.1434246139243036,0.21717802433699274,0.24729086635899833,0.9151602912783938,1.4512210402450862,2026-06-10,MU
NCLH,20.3700008392334,2026-01-20,0.16543931237322385,-0.0358370849047267,0.03043686334517104,-0.2739322851000122,-0.11732946482720985,2026-06-10,NCLH
NDAQ,97.10250091552734,2026-01-20,-0.16425419796425345,-0.11155741788653295,-0.08745913055899235,-0.052753507997183036,-0.10604773835134995,2026-06-10,NDAQ
NDSN,265.2644958496094,2026-01-20,0.10466778959081302,0.007334172631122682,0.06267525077405711,0.024034572657031017,0.059018518584563306,2026-06-10,NDSN
NEE,82.34132385253906,2026-01-20,0.09735364149019299,0.11411941580198803,0.10893523569113106,0.08578715017138538,0.03326006736811982,2026-06-10,NEE
NEM,118.42326354980469,2026-01-20,0.054313130533526266,-0.1642781388501231,-0.018532307810849358,-0.11465719501913862,-0.20834811345515714,2026-06-10,NEM
NFLX,87.26000213623047,2026-01-20,-0.11757966863457714,0.05134077031702211,0.1151729907899064,0.023722205410819708,-0.060623433257182224,2026-06-10,NFLX
NI,42.835899353027344,2026-01-20,0.06300312026512378,0.08318670634189118,0.12076996936729278,0.1070153512627019,0.08623840008178707,2026-06-10,NI
NKE,62.649845123291016,2026-01-20,0.031117351033572493,-0.15457002775511175,-0.2717975171952547,-0.3289083344552164,-0.297284750836328,2026-06-10,NKE
NOC,652.3305053710938,2026-01-20,0.12105588221617158,0.08997001529690496,0.01535173384414712,-0.15088713908207152,-0.16484054738012555,2026-06-10,NOC
NOW,125.4000015258789,2026-01-20,-0.14377989282221826,-0.0967305002808092,-0.22918658304671902,-0.18795852797465917,-0.1458532750635798,2026-06-10,NOW
NRG,147.9933624267578,2026-01-20,0.1789425865405465,0.08725975222120708,0.12990142277061922,-0.16408413826196455,-0.18144977988725108,2026-06-10,NRG
NSC,277.9541320800781,2026-01-20,0.12499548473918698,-0.0034627795934585315,0.08319103170937292,0.14479324277632388,0.11342115575086131,2026-06-10,NSC
NTAP,93.63041687011719,2026-01-20,0.07958768370396929,0.09542021618395724,0.11641069508746749,0.2879361255559867,0.7390181779721301,2026-06-10,NTAP
NTRS,141.84237670898438,2026-01-20,0.01200286323409916,-0.04716537027223744,0.116903559055064,0.1572541180505309,0.17126488121171524,2026-06-10,NTRS
NUE,173.8968963623047,2026-01-20,0.03180693874008944,-0.07186658157626713,0.1263570495766817,0.2750658600920439,0.44047996460669925,2026-06-10,NUE
NVDA,177.8530731201172,2026-01-20,0.05520300273366541,0.0028059900586652198,0.1326495637914893,0.2389618917791767,0.13346366639243934,2026-06-10,NVDA
NVR,7536.27978515625,2026-01-20,-0.0013454447985691287,-0.1483994642841292,-0.07103768418148637,-0.23390317449426445,-0.16347717982174892,2026-06-10,NVR
NWS,29.979455947875977,2026-01-20,-0.12961114512406235,-0.09137778155550225,-0.0006490065542600343,0.004354470698286095,0.03904486034334553,2026-06-10,NWS
NWSA,25.762344360351562,2026-01-20,-0.09702360751047912,-0.07112489568285452,0.00961309518521225,0.018540836349572265,0.055610441131961785,2026-06-10,NWSA
NXPI,229.50889587402344,2026-01-20,0.0061118555530697005,-0.1662331100229072,-0.05872930129089671,0.2822160886557794,0.24409120479592739,2026-06-10,NXPI
O,60.3002815246582,2026-01-20,0.0677096746786956,0.025245460072800263,0.0700875548012232,0.025156830455590917,0.030758019825831706,2026-06-10,O
ODFL,169.54800415039062,2026-01-20,0.14805879459277227,0.07420403621545901,0.28273010533773224,0.20438558329398981,0.3819095319100989,2026-06-10,ODFL
OKE,72.19417572021484,2026-01-20,0.18917077537070814,0.2098389085069856,0.14304398299205245,0.31921996357251436,0.2607664778362475,2026-06-10,OKE
OMC,77.25914001464844,2026-01-20,0.03729340118165103,-0.018368618606015352,0.018261375340566488,-0.07027179156491226,-0.039984160386944745,2026-06-10,OMC
ON,60.060001373291016,2026-01-20,0.13369954680305063,-0.012820520149140258,0.38211788608358965,0.7652346689791125,0.830044887794487,2026-06-10,ON
ORCL,179.29379272460938,2026-01-20,-0.1299466613243453,-0.13561575728340913,-0.02361372974310727,0.01208192406630082,0.13785308128424734,2026-06-10,ORCL
ORLY,95.23999786376953,2026-01-20,-0.011234772352207933,-0.07696340157572157,-0.016064666249629433,-0.03485930039155516,-0.052183970308484984,2026-06-10,ORLY
OTIS,87.2081298828125,2026-01-20,0.060447866698207786,-0.08555752027200103,-0.07188021847429138,-0.18654370255693864,-0.1943411442185079,2026-06-10,OTIS
OXY,42.0403938293457,2026-01-20,0.21993365719241087,0.41720846081764607,0.27948375397901226,0.44384947984404177,0.3685647208958973,2026-06-10,OXY
PANW,184.05999755859375,2026-01-20,-0.17966963220730336,-0.0778006750808038,-0.0880690626431081,0.3046289691836457,0.4260024160716849,2026-06-10,PANW
PAYC,146.67901611328125,2026-01-20,-0.1814482756037915,-0.15589733058864697,-0.1369959354008361,-0.04017744754990138,-0.05824978809407,2026-06-10,PAYC
PAYX,104.96441650390625,2026-01-20,-0.1314448081305455,-0.13737056887186816,-0.13501904651699648,-0.09988540398909829,-0.036149568218861394,2026-06-10,PAYX
PCAR,118.7012710571289,2026-01-20,0.048963027270197745,-0.05223797568556643,0.06030088030186631,-0.07852716083574851,-0.03412995914171968,2026-06-10,PCAR
PCG,15.206378936767578,2026-01-20,0.18688527921277598,0.19278692489026694,0.1350499879460978,0.0791523685980422,0.09855212691793147,2026-06-10,PCG
PEG,78.05863189697266,2026-01-20,0.07950103315306634,0.051345083093538246,0.03610459705955282,-0.017872409383713816,0.00411697398014188,2026-06-10,PEG
PEP,144.82872009277344,2026-01-20,0.11465517286792015,0.04364486311165949,0.07733059965790434,0.02745099691882058,-0.007172105132015605,2026-06-10,PEP
PFE,24.691972732543945,2026-01-20,0.07013847449791255,0.0920511474655108,0.0980273380244645,0.03920412213935043,0.03819166279472608,2026-06-10,PFE
PFG,87.05619049072266,2026-01-20,0.04077251131379356,-0.021089372023225028,0.09594677033141652,0.15258457706406903,0.2563150550245741,2026-06-10,PFG
PG,144.8727569580078,2026-01-20,0.08629777970780816,-0.0076982375154315275,0.0066204421330890995,-0.024661323365893995,0.03256125912789898,2026-06-10,PG
PGR,203.8145294189453,2026-01-20,-0.010543311171235192,-0.006080845303603977,-0.006057112765268213,-0.004634283455897781,0.0006156235417495992,2026-06-10,PGR
PH,925.6685791015625,2026-01-20,0.09127257971928815,-0.029911670420859515,0.0657918942402933,-0.07897921912173644,-0.044393390704063784,2026-06-10,PH
PHM,126.54012298583984,2026-01-20,0.10093840738021109,-0.06867485432024745,-8.000787658557496e-05,-0.12241271439111379,-0.06211565545533437,2026-06-10,PHM
PKG,215.84207153320312,2026-01-20,0.10059421328138152,-0.05305764563046744,-0.01136049207708556,-0.058709932101019824,0.0005695127173970249,2026-06-10,PKG
PLD,129.76602172851562,2026-01-20,0.06291559633156973,0.010202783376875857,0.11816640574125281,0.09766794530702305,0.12872383132106813,2026-06-10,PLD
PLTR,168.52999877929688,2026-01-20,-0.19960837615445914,-0.07624758913304042,-0.1313712665401635,-0.1974129502963481,-0.22257161798213854,2026-06-10,PLTR
PM,165.70079040527344,2026-01-20,0.0976194100448029,-0.014066289499194529,-0.047741456753418454,0.15612005745822932,0.09957228630361237,2026-06-10,PM
PNC,219.2755584716797,2026-01-20,0.0422700956400579,-0.08558107777192392,0.025239653363504422,-0.027388160545920526,0.061039384798367013,2026-06-10,PNC
PNR,103.75286865234375,2026-01-20,-0.034491410311391246,-0.14970296555006302,-0.12214473667955572,-0.30613968752040577,-0.30565774372061205,2026-06-10,PNR
PNW,91.23694610595703,2026-01-20,0.06914023194503649,0.08717468729013556,0.1303052888509022,0.11248791560958304,0.13457326015090887,2026-06-10,PNW
PODD,284.25,2026-01-20,-0.12365872962703384,-0.19567280604111692,-0.28327178284067167,-0.45607739451063656,-0.4682321942680848,2026-06-10,PODD
POOL,257.2237243652344,2026-01-20,-0.16237674414355607,-0.211405972470036,-0.12164920432042547,-0.30589608821376757,-0.2550454061340607,2026-06-10,POOL
PPG,107.68500518798828,2026-01-20,0.13980371517523582,-0.09232732407103084,0.05962808855495938,-0.055578845256105236,0.06077910436573375,2026-06-10,PPG
PPL,36.635414123535156,2026-01-20,0.0016256143170680915,0.027694170425439868,0.06508965140090006,-0.03781625393570054,-0.02730734252460032,2026-06-10,PPL
PRU,105.46256256103516,2026-01-20,-0.03919500775110574,-0.13461126806556722,-0.04911080937980372,-0.05369448395735599,0.0024884272362910576,2026-06-10,PRU
PSA,282.3063659667969,2026-01-20,0.04670727297590482,-0.017627584760580794,0.09533485070992587,0.053713401757612855,0.1570054531509526,2026-06-10,PSA
PSKY,11.490586280822754,2026-01-20,-0.05281393020505942,-0.22023125546685207,0.021705897697462895,-0.13842519636679418,-0.10753029794867563,2026-06-10,PSKY
PSX,136.35098266601562,2026-01-20,0.12233711709780026,0.29852075303455794,0.1385538420425121,0.3375774880151945,0.34271127535251633,2026-06-10,PSX
PTC,161.11000061035156,2026-01-20,-0.04164860460832287,-0.0648004618078033,-0.13264226327496176,-0.09881446284298767,-0.15920795605059623,2026-06-10,PTC
PWR,463.3989562988281,2026-01-20,0.19527928750711987,0.24695249948681752,0.2988376359110383,0.5410695151033047,0.4117641248004482,2026-06-10,PWR
PYPL,54.73331832885742,2026-01-20,-0.2423747793335257,-0.19528344381670737,-0.0747306368806101,-0.2018391259945368,-0.2535625321168209,2026-06-10,PYPL
Q,95.02116394042969,2026-01-20,0.18637663118262848,0.177460497772151,0.4335901538176936,0.5277324532097101,0.48487974015091906,2026-06-10,Q
QCOM,152.52378845214844,2026-01-20,-0.08307920157258064,-0.14244914288492594,-0.11031064150049441,0.27776909079504297,0.2604263050907687,2026-06-10,QCOM
RCL,267.19378662109375,2026-01-20,0.14940186668670763,0.01273681654511516,0.06292683628834572,-0.07960099166160883,0.0031108780106827716,2026-06-10,RCL
REG,69.84870147705078,2026-01-20,0.07486175356564773,0.09794456904260729,0.1586471701519867,0.10725030963247262,0.14633483517416157,2026-06-10,REG
REGN,731.8053588867188,2026-01-20,0.0662324178043534,0.006210477669578385,0.02411196291144746,-0.13998991984836573,-0.17584643540366773,2026-06-10,REGN
RF,27.10789680480957,2026-01-20,0.0756424080614424,-0.07881436877587755,0.027883857308558246,-0.019253332226314535,0.05517963432494777,2026-06-10,RF
RJF,167.20407104492188,2026-01-20,-0.058392376047715744,-0.14872193413948642,-0.09242640414401104,-0.0967923009967433,-0.0924861784471932,2026-06-10,RJF
RL,359.2342529296875,2026-01-20,0.04613848426370781,-0.05554943902961995,0.07695744970771501,-0.10729558825178476,0.05901648981411545,2026-06-10,RL
RMD,251.85592651367188,2026-01-20,0.014588597951123328,-0.09974020985566745,-0.09692953252920367,-0.1750045287577633,-0.2271772116544476,2026-06-10,RMD
ROK,401.36383056640625,2026-01-20,-0.02133655314939531,-0.11642250657510056,0.032608012992809465,0.052137677550526895,0.1044094042757353,2026-06-10,ROK
ROL,62.705238342285156,2026-01-20,-0.03470135484050729,-0.1403251480946175,-0.12586214385597294,-0.14297428573479598,-0.23307842496216946,2026-06-10,ROL
ROP,402.7333679199219,2026-01-20,-0.17772936356306057,-0.12507434586061872,-0.1000497318775121,-0.18330580512636163,-0.1697360421685099,2026-06-10,ROP
ROST,188.91732788085938,2026-01-20,0.0563552559970264,0.11290896305805576,0.20356467218905006,0.1235804933507989,0.2249273598028445,2026-06-10,ROST
RSG,210.02340698242188,2026-01-20,0.052274272465735905,0.05887383506680499,-0.011253047240159741,0.02355258544441785,0.00469751223727477,2026-06-10,RSG
RTX,194.8981170654297,2026-01-20,0.04608887778547022,0.02565035834230489,0.0036280098330496724,-0.10842550871407408,-0.08249494650486189,2026-06-10,RTX
RVTY,111.80252075195312,2026-01-20,-0.10706938225134399,-0.23353288959191165,-0.1595896187981859,-0.14250589251667445,-0.08137132203917241,2026-06-10,RVTY
SATS,122.0,2026-01-20,-0.058688554607453924,-0.10565573270203632,0.09188530093333758,0.11901642846279459,-0.058770476794633764,2026-06-10,SATS
SBAC,183.51307678222656,2026-01-20,0.06676346230262586,-0.012686508774259475,0.20863023837020145,0.12397086385947675,0.12708592946385266,2026-06-10,SBAC
SBUX,92.5176010131836,2026-01-20,0.029444849847857668,0.02976720259907517,0.07457703880281041,0.14983523230632634,0.06682399745944134,2026-06-10,SBUX
SCHW,100.29023742675781,2026-01-20,-0.06736308087747644,-0.06617093850383282,-0.08316043173644116,-0.08455698267099232,-0.1036016681929477,2026-06-10,SCHW
SFM,72.55000305175781,2026-01-20,-0.06478296871033473,0.1649895670268835,0.022053734070550446,0.24079935019224386,0.166712516644278,2026-06-10,SFM
SHW,345.2991943359375,2026-01-20,0.030695116575122583,-0.10345191468421255,-0.0018617268552839628,-0.1361792433319864,-0.113290387674016,2026-06-10,SHW
SJM,101.05567932128906,2026-01-20,0.07235075576211525,-0.01729717935883468,-0.06535090600102522,0.019635923557838497,0.15421518288756175,2026-06-10,SJM
SLB,45.93684005737305,2026-01-20,0.11612341967537643,0.03556499062827001,0.14037756142695446,0.22938155052616804,0.21590861435997666,2026-06-10,SLB
SMCI,31.40999984741211,2026-01-20,0.023877746056779836,-0.019738902734692254,-0.0907354471606131,-0.027061457675866873,0.011461337539013794,2026-06-10,SMCI
SNA,359.8158874511719,2026-01-20,0.05291020773003763,-0.004145050649903226,0.049682001030155964,-0.0064084932488140955,0.06004216803654683,2026-06-10,SNA
SNDK,453.1199951171875,2026-01-20,0.37069657827578384,0.7039416383640014,1.0325520836841138,2.0528117363365275,2.6504899434503453,2026-06-10,SNDK
SNPS,510.9700012207031,2026-01-20,-0.1341174601553502,-0.16188817547622314,-0.12014406814837908,-0.03346577306429699,-0.10045596894071807,2026-06-10,SNPS
SO,87.40408325195312,2026-01-20,0.07854766856944528,0.09193732876126415,0.07242017180523996,0.0770663782180312,0.07775281707033055,2026-06-10,SO
SOLV,78.95999908447266,2026-01-20,-0.06775580719545826,-0.14969604650297674,-0.10739609708539921,-0.053571375083398154,0.026785687541699188,2026-06-10,SOLV
SPG,180.23973083496094,2026-01-20,0.08355029138963288,0.04990141117765545,0.13178173295707807,0.10231141707749214,0.18675273706630713,2026-06-10,SPG
SPGI,516.6336669921875,2026-01-20,-0.19722947274306912,-0.17707577482779302,-0.14534759536446573,-0.20747151110410667,-0.1739020590166538,2026-06-10,SPGI
SRE,87.81776428222656,2026-01-20,0.05134004317815544,0.08463248613216678,0.07062617013235806,0.03976682058477299,0.03820675994422462,2026-06-10,SRE
STE,256.57208251953125,2026-01-20,-0.02392036781132323,-0.15316792893459708,-0.12258529853744715,-0.16676881929796228,-0.192429687152462,2026-06-10,STE
STLD,171.2799072265625,2026-01-20,0.1092486414253897,-0.024736659242761694,0.16954761692650333,0.30412258351893096,0.5739732739420935,2026-06-10,STLD
STT,124.4782943725586,2026-01-20,0.020429381196018337,-0.03479371515110763,0.16831607798637616,0.21209890963989775,0.29910204448878086,2026-06-10,STT
STX,325.4223327636719,2026-01-20,0.2545477120467421,0.3331697213253624,0.683197324990559,1.2535330300102996,1.5057702304106582,2026-06-10,STX
STZ,161.50418090820312,2026-01-20,-0.04884830775434423,-0.06563981611320424,-0.001856611155085952,-0.09308848602529507,-0.12996060783395236,2026-06-10,STZ
SW,40.132564544677734,2026-01-20,0.2263797832633796,-0.09019267220004812,0.040624452557485036,-0.11244149642541124,-0.04018093797915334,2026-06-10,SW
SWK,79.00926971435547,2026-01-20,0.10985888917654019,-0.13529472031555334,-0.10661735630393598,-0.07480921750618952,-0.0015728227659143057,2026-06-10,SWK
SWKS,56.23946762084961,2026-01-20,0.03152764538770314,-0.045976287199500754,0.03987183201281663,0.24012505325466815,0.25863573494901493,2026-06-10,SWKS
SYF,75.46533966064453,2026-01-20,-0.04634362419934179,-0.1354272345664559,0.033897551133596604,-0.08050504109987344,-0.07149427790403229,2026-06-10,SYF
SYK,358.6395568847656,2026-01-20,0.03628936288690654,-0.05519864403214425,-0.042715727438479956,-0.11401295841413228,-0.13988851675996927,2026-06-10,SYK
SYY,75.94744873046875,2026-01-20,0.17185047612235738,0.06730266176868871,0.00424698812125146,-0.009973294715278858,0.03821787027966206,2026-06-10,SYY
T,23.20711326599121,2026-01-20,0.18891247961426827,0.18294241794606836,0.1423221804898427,0.07639408899870315,-0.0009528888748621123,2026-06-10,T
TAP,48.904903411865234,2026-01-20,-0.033000063103899024,-0.14569372050682494,-0.09901797384690492,-0.15236159516984504,-0.16991961156079027,2026-06-10,TAP
TDG,1448.550048828125,2026-01-20,-0.0817507438152476,-0.1771496315432609,-0.12610544184724048,-0.18602746449212326,-0.1567878102783613,2026-06-10,TDG
TDY,566.22998046875,2026-01-20,0.17681860475544542,0.12164669349685542,0.12291831768334793,0.07103126490226708,0.07530511650608518,2026-06-10,TDY
TECH,69.3481674194336,2026-01-20,-0.16158736525676642,-0.2574470524180209,-0.14748190872582667,-0.34432295887950226,-0.24388771434792034,2026-06-10,TECH
TEL,231.66188049316406,2026-01-20,-0.003729698338046372,-0.1469200793324127,0.05840559397446743,-0.156896108487094,-0.1285575147147714,2026-06-10,TEL
TER,223.80184936523438,2026-01-20,0.4109835646882085,0.3506851194218781,0.6989868056882222,0.4360854970567416,0.5574715018219716,2026-06-10,TER
TFC,48.140663146972656,2026-01-20,0.06435323071247012,-0.09803351657468673,0.03948141434411001,-0.028472035896646708,0.031975819558271334,2026-06-10,TFC
TGT,107.22608184814453,2026-01-20,0.06855969086268532,0.05756550451294862,0.18108822920640089,0.18665156527839066,0.19308751455155804,2026-06-10,TGT
TJX,155.13186645507812,2026-01-20,0.0055899040024895985,-0.006167966430084326,0.032382512278785525,-0.028697352007854615,0.07502093595162718,2026-06-10,TJX
TKO,202.59457397460938,2026-01-20,0.025908174576670273,-0.026084491367858287,-0.08038012122702021,-0.047012940492593414,0.020708448549314307,2026-06-10,TKO
TMO,618.3986206054688,2026-01-20,-0.16783244667332486,-0.23963285850363059,-0.14844574674123945,-0.2758554391338278,-0.21902318265294873,2026-06-10,TMO
TMUS,181.7848358154297,2026-01-20,0.17233864478059302,0.13032050914550286,0.08151626258420008,0.0582632186089489,0.016971488781881927,2026-06-10,TMUS
TPL,326.9947814941406,2026-01-20,0.48400288755026266,0.6260413356459866,0.2903411257059636,0.20481317484471484,0.1567462889519471,2026-06-10,TPL
TPR,128.4478302001953,2026-01-20,0.17915772199834246,0.10856969214739398,0.20987800246544386,0.021855896864286573,0.09927895806547826,2026-06-10,TPR
TRGP,183.2313995361328,2026-01-20,0.21725766437465976,0.3007215121133773,0.27883739624739756,0.5073836302416346,0.485171240146256,2026-06-10,TRGP
TRMB,69.58999633789062,2026-01-20,-0.03161369541622361,-0.04181629811540022,-0.004310898665760399,-0.21597924637935384,-0.2624658217578635,2026-06-10,TRMB
TROW,102.15856170654297,2026-01-20,-0.08989197787295067,-0.14750173766089003,-0.050691378804696874,-0.00429293911850126,0.04190975933237984,2026-06-10,TROW
TRV,268.6318054199219,2026-01-20,0.11234751111811425,0.10500689177096523,0.11978548887154794,0.13731874949091316,0.12994813875606392,2026-06-10,TRV
TSCO,50.33433151245117,2026-01-20,0.01942319434948936,-0.08992376794479484,-0.11298118514937994,-0.38631933703189947,-0.3919657096336804,2026-06-10,TSCO
TSLA,419.25,2026-01-20,-0.0179845165054785,-0.09290402434593026,-0.044436505385360814,-0.03611213988893858,-0.08663090596116574,2026-06-10,TSLA
TSN,59.90681076049805,2026-01-20,0.056321836225965205,-0.021382099361757168,0.0729704281227499,0.0951516125197247,-0.06621637979774975,2026-06-10,TSN
TT,385.5231018066406,2026-01-20,0.19714464409809973,0.09480400300138814,0.23217529956294003,0.15945235034993366,0.16684317778269797,2026-06-10,TT
TTD,34.150001525878906,2026-01-20,-0.2609077996089908,-0.31156664192047157,-0.34202054731017495,-0.38038070565305715,-0.432667691961925,2026-06-10,TTD
TTWO,240.61000061035156,2026-01-20,-0.16308551346005806,-0.16150617394030176,-0.11873989963736198,-0.010265580044210632,-0.1282365473142001,2026-06-10,TTWO
TXN,187.40829467773438,2026-01-20,0.15762046704157884,-0.0003744507201194347,0.2201070836240706,0.6131089505853693,0.5075372964804563,2026-06-10,TXN
TXT,93.1396484375,2026-01-20,0.0630098296199213,-0.047773918741808696,-0.01642316513761466,-0.053249590432503324,-0.008048656618610761,2026-06-10,TXT
TYL,428.4700012207031,2026-01-20,-0.2542068595640845,-0.1829766230380756,-0.20038746148978226,-0.246761758548102,-0.28802484027006925,2026-06-10,TYL
UAL,108.56999969482422,2026-01-20,0.013631789270458494,-0.13281752058098928,-0.06235605288842183,-0.17914706643560407,-0.05148748598695185,2026-06-10,UAL
UBER,83.72000122070312,2026-01-20,-0.128762525347779,-0.10009561348095408,-0.0788341898935494,-0.115026334715713,-0.1745102770822542,2026-06-10,UBER
UDR,36.69973373413086,2026-01-20,0.015339040175706087,-0.051668422444926865,-0.03868515682209506,0.019081004696685167,0.07657452252272856,2026-06-10,UDR
UHS,199.40093994140625,2026-01-20,0.1507480903646634,-0.062381216932431593,-0.08647024703204942,-0.16639975390153305,-0.2789402155198142,2026-06-10,UHS
ULTA,675.6199951171875,2026-01-20,0.025413668977008363,-0.20946689049175204,-0.18095972684233363,-0.287232466417655,-0.30212989768693,2026-06-10,ULTA
UNH,335.8192443847656,2026-01-20,-0.1433088046528006,-0.16490788681517154,-0.033319232560517054,0.15907589199504724,0.21176795065486798,2026-06-10,UNH
UNP,219.39764404296875,2026-01-20,0.18620596220286423,0.06186017068328109,0.13876320692280752,0.23135521479236565,0.21838134919188756,2026-06-10,UNP
UPS,103.33281707763672,2026-01-20,0.09959887150354474,-0.08103454220709194,0.0129938344093663,-0.06293078453185197,-0.0012853625126153512,2026-06-10,UPS
URI,906.6309814453125,2026-01-20,-0.021489820887528266,-0.20754300354067212,-0.12366878094486411,0.023150558608106664,0.1703658793225531,2026-06-10,URI
USB,53.8242301940918,2026-01-20,0.06454581348617006,-0.05663848676006478,0.05770208138387645,-0.00973968331996311,0.05500811888332979,2026-06-10,USB
V,324.4768371582031,2026-01-20,-0.019128222197371647,-0.07823948876539077,-0.02500240537064946,0.016744389373030133,0.0010576106726789547,2026-06-10,V
VEEV,216.25999450683594,2026-01-20,-0.15578464828617322,-0.1418200265790529,-0.2233885082109659,-0.24484416116346686,-0.2378617797522934,2026-06-10,VEEV
VICI,28.358469009399414,2026-01-20,0.03643313275721938,-0.013345906192525514,0.022974837579083474,0.0004066450071815719,0.003403953657534986,2026-06-10,VICI
VLO,182.7388458251953,2026-01-20,0.08514347852988657,0.3184133765164634,0.2180903380460193,0.4303370590431357,0.4232331686118531,2026-06-10,VLO
VLTO,100.9571762084961,2026-01-20,-0.07051719537244938,-0.1132429241923335,-0.09882579155104054,-0.14349821906541993,-0.17697780922186535,2026-06-10,VLTO
VMC,295.0035095214844,2026-01-20,0.022623704634737285,-0.13048478406484132,-0.013126333511781496,-0.12223013600850341,-0.07798555346072977,2026-06-10,VMC
VRSK,217.93836975097656,2026-01-20,-0.1583596756072282,-0.0745548722243643,-0.18293411331062404,-0.2167051313225571,-0.1529256604915742,2026-06-10,VRSK
VRSN,246.54457092285156,2026-01-20,-0.12370697404834707,-0.03054368717524847,0.10861458222768383,0.22748598255489938,0.16984937996459237,2026-06-10,VRSN
VRT,175.1383056640625,2026-01-20,0.3874872537259546,0.5368997228055674,0.7548416674043184,0.8421441480749381,0.5869743708411252,2026-06-10,VRT
VRTX,442.0799865722656,2026-01-20,0.06150471242145139,0.03612468717375994,-0.0019905320122211023,-0.017575980025509974,-0.013866210983139227,2026-06-10,VRTX
VST,156.59637451171875,2026-01-20,0.1000574897444142,0.06734270708488022,0.04383008370117025,-0.13976292788447486,-0.1108670232979625,2026-06-10,VST
VTR,77.68191528320312,2026-01-20,0.09337439564467376,0.09426970776839427,0.0954930521972075,0.13733033167405306,0.07953054845037144,2026-06-10,VTR
VTRS,12.461196899414062,2026-01-20,0.26224328267559094,0.07546482182850323,0.169468485545339,0.2881679517839191,0.2739546713001908,2026-06-10,VTRS
VZ,38.500919342041016,2026-01-20,0.24462633455483296,0.26612069909346125,0.20906201806538038,0.23997043432511433,0.21607484950883227,2026-06-10,VZ
W,107.88999938964844,2026-01-20,-0.2624895713693126,-0.29307630851294475,-0.24617664017840435,-0.46797662572434695,-0.3650940737091869,2026-06-10,W
WAB,227.00836181640625,2026-01-20,0.15221230848236433,0.04336199908316196,0.1587679687468493,0.12321784580721395,0.1278328881336701,2026-06-10,WAB
WAT,383.8599853515625,2026-01-20,-0.14380238575504967,-0.21958521659960417,-0.14612097764376242,-0.13181883373333358,-0.04459958258349839,2026-06-10,WAT
WBD,28.239999771118164,2026-01-20,0.0102691543157849,-0.021600588360323858,-0.027266305382593226,-0.04072236642531457,-0.06515581329677311,2026-06-10,WBD
WDAY,182.99000549316406,2026-01-20,-0.23482157457123176,-0.27110770600094247,-0.3232963652996852,-0.2931854611987409,-0.2400130982595442,2026-06-10,WDAY
WDC,222.8052520751953,2026-01-20,0.276718944593342,0.42208219348825304,0.6715175186013471,1.0451994673246694,1.2117522094075612,2026-06-10,WDC
WEC,107.22994232177734,2026-01-20,0.05614007925951214,0.06927014410619892,0.07139688433374891,0.039728227487137335,0.06672632344594676,2026-06-10,WEC
WELL,186.69793701171875,2026-01-20,0.10643617440359288,0.10011298330521279,0.123760444662536,0.16766153654025895,0.12465089106755167,2026-06-10,WELL
WFC,85.74594116210938,2026-01-20,0.015467183063953227,-0.11417673557144248,-0.055964502550607254,-0.1305710562927378,-0.04135407654064116,2026-06-10,WFC
WM,219.47244262695312,2026-01-20,0.05476736775990787,0.06082131376106781,0.01599850271279024,0.008694360825360015,0.019809159843613644,2026-06-10,WM
WMB,61.07075881958008,2026-01-20,0.17330522139804327,0.2126916218183481,0.16504204141421752,0.30013124219478726,0.1890305486181092,2026-06-10,WMB
WMT,118.24121856689453,2026-01-20,0.05189115603944816,0.02004882787988449,0.076250250595024,0.1349679796501677,0.014155658821173978,2026-06-10,WMT
WOOF,2.890000104904175,2026-01-20,-0.11072669897774534,0.07958469629970244,0.048442858617210316,-0.14532874084718117,0.008650469218471457,2026-06-10,WOOF
WRB,67.64424133300781,2026-01-20,0.03853527516544175,-0.021054861200870856,-0.012037085284831273,0.012946487281116914,0.007328902606801968,2026-06-10,WRB
WSM,205.07289123535156,2026-01-20,0.0239448819266741,-0.11321576138438649,-0.031124975882941053,-0.162444175472633,0.03365688573748571,2026-06-10,WSM
WST,250.08241271972656,2026-01-20,-0.025735656843102417,-0.039720548664347155,0.09373490831056008,0.21531933961466931,0.3320808978924854,2026-06-10,WST
WTW,320.7237548828125,2026-01-20,-0.06457629286179445,-0.10743037997327365,-0.07197390240959678,-0.2074176200602199,-0.17115591681259845,2026-06-10,WTW
WY,26.501195907592773,2026-01-20,-0.052299730413834955,-0.14098995851452023,-0.05830645592542938,-0.14360888191302612,-0.08098488735527387,2026-06-10,WY
WYNN,110.74690246582031,2026-01-20,0.03657437700031796,-0.07094715571661203,-0.016641363235609608,-0.14417472029478462,-0.04326893599795756,2026-06-10,WYNN
XEL,75.65082550048828,2026-01-20,0.0604908072597965,0.05127734235740178,0.07176625363501632,0.05392112814973826,0.029797074438983495,2026-06-10,XEL
XOM,128.72250366210938,2026-01-20,0.16492614116855497,0.22040614711453044,0.12997136780434415,0.2627939826158452,0.17473628958323406,2026-06-10,XOM
XYL,137.8106231689453,2026-01-20,-0.06922649106903711,-0.1290266451288521,-0.12461754933285585,-0.23137505526455737,-0.21711405907087777,2026-06-10,XYL
XYZ,62.630001068115234,2026-01-20,-0.15551654977418494,-0.05811910150998789,0.13779340445371235,0.10442275250350552,0.0760018879187998,2026-06-10,XYZ
YUM,151.7545166015625,2026-01-20,0.0671018836477304,0.02460930618666901,0.06749533250802586,-0.002014100209705272,0.0022106738161140616,2026-06-10,YUM
ZBH,86.56493377685547,2026-01-20,0.14343307945478667,0.03502297104793928,0.09490060979677928,-0.005601944397610525,0.030411487013449978,2026-06-10,ZBH
ZBRA,238.7100067138672,2026-01-20,0.0545850547225506,-0.13623226240130548,-0.017929763804230614,0.035356654288623446,-0.08606682941599897,2026-06-10,ZBRA
ZTS,122.7062759399414,2026-01-20,0.03278158906750628,-0.05882832794173509,-0.006978269524204439,-0.35683812776151147,-0.33723848820864943,2026-06-10,ZTS
GS,934.3135986328125,2026-01-20,-0.02832400279230307,-0.13739020789017675,-0.013300152850240887,-0.010327157525114372,0.07772164950743399,2026-06-10,GS
