ticker,prior_rev_growth_yoy,prior_q_end,mktcap_t0,mktcap_source
MMM,0.03543056879567841,2025-09-30,81439894494.6289,sec_shares_x_jan_price
AOS,0.04420562818524254,2025-09-30,5287311069.420471,sec_shares_x_jan_price
AES,0.018850714502888444,2025-09-30,9579005429.862213,sec_shares_x_jan_price
AMD,0.355917289925209,2025-09-27,378124879723.1886,sec_shares_x_jan_price
APA,,,8811591820.396889,sec_shares_x_jan_price
T,0.016416774236255982,2025-09-30,162463188030.92273,sec_shares_x_jan_price
ABBV,0.1774124374553252,2018-09-30,375344973140.45593,sec_shares_x_jan_price
ABT,0.06901739539257168,2025-09-30,209190520567.1317,sec_shares_x_jan_price
ACN,0.05950294368792419,2025-11-30,172259853283.613,sec_shares_x_jan_price
ADBE,0.10724852071005908,2025-08-29,119196882995.60547,sec_shares_x_jan_price
AFL,0.6073245167853509,2025-09-30,55831249363.27295,sec_shares_x_jan_price
A,0.10139416983523453,2025-07-31,38298482815.704544,sec_shares_x_jan_price
APD,0.058331911990448626,2025-12-31,57127145784.99243,sec_shares_x_jan_price
ABNB,0.09726688102893899,2025-09-30,88390683835.43011,yfinance_current
AKAM,0.09764180442093973,2018-03-31,12981974793.318283,sec_shares_x_jan_price
ALB,-0.03459310308173369,2025-09-30,20283111280.9198,sec_shares_x_jan_price
ACI,0.018599696396708332,2025-11-29,8643522551.372868,sec_shares_x_jan_price
ARE,-0.05010440786905623,2025-09-30,9813189795.228539,sec_shares_x_jan_price
ALGN,0.01822324394194741,2025-09-30,11800757170.135803,sec_shares_x_jan_price
ALLE,0.10660738289732197,2025-09-30,13989619902.797058,sec_shares_x_jan_price
LNT,0.11933395004625358,2025-09-30,17033378749.297653,sec_shares_x_jan_price
ALL,0.050830001211680687,2025-12-31,49718344584.805145,sec_shares_x_jan_price
GOOGL,0.12037646357665222,2025-03-31,4391828139545.5474,yfinance_current
MO,-0.02987697715289983,2025-09-30,100551700069.35019,sec_shares_x_jan_price
AMZN,0.13401562214795093,2025-09-30,2479766720970.0,sec_shares_x_jan_price
AMCR,0.6812712125887073,2025-12-31,18468366895.44628,sec_shares_x_jan_price
AEE,0.24206166589967792,2025-09-30,28280706746.30825,sec_shares_x_jan_price
AEP,0.08994351108754861,2025-09-30,63514394550.83889,sec_shares_x_jan_price
AXP,0.07194318649650056,2025-09-30,241056519470.91568,sec_shares_x_jan_price
AIG,-0.059250481410161426,2025-09-30,38640462518.59037,sec_shares_x_jan_price
AMT,0.2941176470588236,2025-09-30,82026995444.85565,sec_shares_x_jan_price
AWK,0.09487951807228923,2025-09-30,25300569372.762268,sec_shares_x_jan_price
AMP,0.06314375279892515,2018-09-30,44617658055.9321,sec_shares_x_jan_price
AME,0.10773784300734413,2025-09-30,48726838432.45853,sec_shares_x_jan_price
AMGN,0.12395625073503469,2025-09-30,175875418808.87833,sec_shares_x_jan_price
APH,0.5337228879865306,2025-09-30,186876962861.12228,sec_shares_x_jan_price
ADI,0.24571264967829465,2025-08-02,143503699523.03732,sec_shares_x_jan_price
AON,0.07417360924482663,2025-09-30,72548012129.53613,sec_shares_x_jan_price
APO,0.2637334362536987,2025-09-30,79506776666.3984,sec_shares_x_jan_price
AAPL,0.15652453740949324,2025-12-27,3615120732938.5376,sec_shares_x_jan_price
AMAT,0.07730894069046923,2025-07-27,251922718889.31723,sec_shares_x_jan_price
APTV,0.07375360527400088,2025-09-30,16417793715.616043,sec_shares_x_jan_price
ACGL,0.08195679796696309,2025-09-30,32662745861.82556,sec_shares_x_jan_price
ADM,0.07147628590514365,2025-09-30,31258327996.43643,sec_shares_x_jan_price
ANET,0.27464471411468994,2025-09-30,160233709555.00568,sec_shares_x_jan_price
AJG,0.1990879293145218,2025-09-30,65113172048.950195,sec_shares_x_jan_price
AIZ,0.0888903864945918,2025-09-30,11481419406.099167,sec_shares_x_jan_price
ATO,0.14165488235959378,2025-12-31,27484713700.514618,sec_shares_x_jan_price
AZO,0.08154632596519185,2025-11-22,59213060573.989746,sec_shares_x_jan_price
ADSK,0.18025477707006377,2025-10-31,53566568969.72656,sec_shares_x_jan_price
ADP,0.0615838681562475,2025-12-31,101872857864.02051,sec_shares_x_jan_price
AVB,0.08974358974358965,2025-09-30,24696156691.309433,sec_shares_x_jan_price
AVY,0.01470184116515516,2025-09-27,13850101204.402771,sec_shares_x_jan_price
AXON,0.30566773353127275,2025-09-30,49888366861.26709,sec_shares_x_jan_price
BJ,0.04879020207225837,2025-11-01,11952290878.515076,sec_shares_x_jan_price
BNY,-0.020005196154845417,2016-06-30,82204104189.78656,sec_shares_x_jan_price
BXP,0.014295407383613457,2025-09-30,10270196179.256989,sec_shares_x_jan_price
BKR,0.014765489287782207,2025-09-30,50298423809.06422,sec_shares_x_jan_price
BALL,0.08616462346760079,2018-06-30,14635063733.124638,sec_shares_x_jan_price
BAC,0.10822647464983226,2025-09-30,369881442036.89484,sec_shares_x_jan_price
BAX,0.05038903297517594,2025-09-30,9960742492.522383,sec_shares_x_jan_price
BDX,0.016253869969040213,2025-12-31,44923955387.3143,sec_shares_x_jan_price
BBBY,-0.17416866819939114,2025-09-30,476274818.6172581,yfinance_current
BRK.B,0.027382026817947436,2025-09-30,456985476.3812256,sec_shares_x_jan_price
BBY,-0.009042613315248138,2025-05-03,13586822823.398506,sec_shares_x_jan_price
TECH,-0.0038851163683252254,2025-12-31,10849749086.93753,sec_shares_x_jan_price
BIIB,0.02794224997972261,2025-09-30,24270926077.234375,sec_shares_x_jan_price
BLK,0.2524533384644987,2025-09-30,170065354837.70642,sec_shares_x_jan_price
BX,-0.15684645694440424,2025-09-30,111879997600.79768,sec_shares_x_jan_price
XYZ,0.023285748638550707,2025-09-30,46918119319.80896,yfinance_current
BA,0.3043721973094171,2025-09-30,195551426904.0,sec_shares_x_jan_price
BKNG,0.0393702735977266,2019-09-30,6338446165.31662,sec_shares_x_jan_price
BSX,0.20337372297457823,2025-09-30,135330349058.74097,sec_shares_x_jan_price
BMY,0.027749747729566066,2025-09-30,109290711479.99284,sec_shares_x_jan_price
AVGO,0.2203182374541004,2025-08-03,1571454258206.6477,sec_shares_x_jan_price
BR,0.07846715328467146,2025-12-31,24299576883.073883,sec_shares_x_jan_price
BRO,0.35413153456998314,2025-09-30,26790340541.58854,sec_shares_x_jan_price
BF-A,-0.05388127853881275,2025-10-31,12279207836.425695,yfinance_current
BLDR,-0.0688256144013435,2025-09-30,13551332682.586128,sec_shares_x_jan_price
BG,0.12939049586776852,2025-09-30,21049366804.978333,sec_shares_x_jan_price
BURL,0.07118630783152713,2025-11-01,19039425101.242737,sec_shares_x_jan_price
CHRW,-0.10932922479907492,2025-09-30,20629058089.77913,sec_shares_x_jan_price
CBRE,0.14079096045197748,2025-09-30,48807418669.590485,sec_shares_x_jan_price
CDW,0.04002465286589563,2025-09-30,15918087468.490479,sec_shares_x_jan_price
CF,0.21094890510948905,2025-09-30,13460292291.061493,sec_shares_x_jan_price
CME,-0.029537995455693022,2025-09-30,18124701468.531403,sec_shares_x_jan_price
CMS,0.15429573348918768,2025-09-30,21533493166.935608,sec_shares_x_jan_price
CSX,-0.008842221608179046,2025-09-30,65614965017.85194,sec_shares_x_jan_price
CVS,0.365524974084495,2019-09-30,100180583954.77122,sec_shares_x_jan_price
CDNS,0.10147190577696907,2025-09-30,83703857000.0,sec_shares_x_jan_price
CZR,-0.0017397355601947995,2025-09-30,4650455407.487108,sec_shares_x_jan_price
CPT,0.5026362038664323,2025-09-30,10970375439.9897,sec_shares_x_jan_price
CPB,-0.03427128427128423,2025-11-02,7751481134.485352,sec_shares_x_jan_price
COF,0.5777470628887353,2025-09-30,141100312605.2635,sec_shares_x_jan_price
KMX,-0.06901372240254522,2025-11-30,6728250723.632252,sec_shares_x_jan_price
CAH,0.1875180949623625,2025-12-31,49383717284.293945,sec_shares_x_jan_price
CCL,0.03254812563323206,2025-08-31,34283091569.668236,sec_shares_x_jan_price
CARR,-0.06768048128342241,2025-09-30,45983153535.22859,sec_shares_x_jan_price
CAT,0.1799568300955905,2025-12-31,292109596462.85376,sec_shares_x_jan_price
CBOE,2.9140371430217598,2017-09-30,28331751441.902344,sec_shares_x_jan_price
COR,0.05454799817296152,2025-12-31,67943004899.11725,sec_shares_x_jan_price
CNC,0.21678094257296943,2025-09-30,22503440134.578705,sec_shares_x_jan_price
CNP,0.07625743645213623,2025-09-30,25378168766.88025,sec_shares_x_jan_price
CRL,-0.00486351747885394,2025-09-27,10741013802.185059,sec_shares_x_jan_price
SCHW,0.26573138023519705,2025-09-30,175729599544.8902,sec_shares_x_jan_price
CHTR,-0.00891627401232331,2025-09-30,49904905090.793884,sec_shares_x_jan_price
CVX,-0.015472345991906167,2025-09-30,323677286639.6807,sec_shares_x_jan_price
CHWY,0.08304215093297107,2025-11-02,8536494872.13294,yfinance_current
CMG,0.07512521585236986,2025-09-30,50794497000.0,sec_shares_x_jan_price
CB,0.08748063842683007,2025-09-30,117114809595.15674,sec_shares_x_jan_price
CHD,0.049649146034688174,2025-09-30,21673437864.319923,sec_shares_x_jan_price
CI,0.09504819920243657,2025-09-30,70678174516.87097,sec_shares_x_jan_price
CINF,0.12228915662650608,2025-09-30,24878015975.756104,sec_shares_x_jan_price
CTAS,0.09298562758828521,2025-11-30,77087235219.96869,sec_shares_x_jan_price
CSCO,0.07528357777617223,2025-10-25,288163188429.3005,sec_shares_x_jan_price
C,0.08737386167856265,2025-09-30,195375798924.42383,sec_shares_x_jan_price
CFG,0.2316076294277929,2025-09-30,25060742054.246796,sec_shares_x_jan_price
CLX,-0.00771055753262162,2025-12-31,12971947563.644203,sec_shares_x_jan_price
CSGP,0.20358071036673397,2025-09-30,26791208341.70925,sec_shares_x_jan_price
KO,0.05070018559136158,2025-09-26,306469600708.1018,sec_shares_x_jan_price
CTSH,0.0735527359238699,2025-09-30,38843722600.28412,sec_shares_x_jan_price
COIN,0.5505342297872622,2025-09-30,43597486432.05417,yfinance_current
CL,0.01947148817802513,2025-09-30,67647046743.84183,sec_shares_x_jan_price
CMCSA,-0.027190520735890233,2025-09-30,57428366502.47781,sec_shares_x_jan_price
CAG,-0.06760351788676411,2025-11-23,7857688402.123283,sec_shares_x_jan_price
COP,0.139622319063488,2025-09-30,115001577129.83167,sec_shares_x_jan_price
ED,0.08118343195266275,2025-09-30,37340456413.32979,sec_shares_x_jan_price
STZ,-0.09781638119977276,2025-11-30,23476911530.449768,yfinance_current
CEG,0.1948460087994972,2025-09-30,106623177189.79477,sec_shares_x_jan_price
COO,0.05733944954128445,2025-07-31,15728171741.868378,sec_shares_x_jan_price
CPRT,-0.031177256600469994,2020-07-31,39216283593.54483,sec_shares_x_jan_price
GLW,0.15381664748753354,2018-09-30,79150988828.68639,sec_shares_x_jan_price
CPAY,0.13921824490355106,2025-09-30,20772352854.0,sec_shares_x_jan_price
CTVA,0.12553740326741192,2025-09-30,46126494590.545654,sec_shares_x_jan_price
COST,0.08295924442084601,2025-11-23,426593769480.4944,sec_shares_x_jan_price
CRWD,0.22180843376117876,2025-10-31,111611545110.83618,sec_shares_x_jan_price
CCI,0.016949152542372836,2025-09-30,37387962956.11212,sec_shares_x_jan_price
CMI,-0.016438032166508965,2025-09-30,77668149869.81445,sec_shares_x_jan_price
DHI,-0.09537632996190726,2025-12-31,44119940379.285736,sec_shares_x_jan_price
DTE,0.1597651421508035,2018-03-31,27960770763.81427,sec_shares_x_jan_price
DVA,0.04799530578289546,2025-09-30,6942524020.385742,sec_shares_x_jan_price
DHR,0.04398068299413582,2025-09-26,165351497497.49847,sec_shares_x_jan_price
DRI,0.07339100346020766,2025-11-23,23866546535.685318,sec_shares_x_jan_price
DDOG,0.2835224110745258,2025-09-30,92677789593.77942,yfinance_current
DECK,0.07135863482498839,2025-12-31,13908258635.096626,sec_shares_x_jan_price
DE,-0.08622262773722633,2025-07-27,136997477023.31885,sec_shares_x_jan_price
DELL,0.10830665681687601,2025-10-31,254786886941.4485,yfinance_current
DAL,0.06353256362824511,2025-09-30,43824541313.06534,sec_shares_x_jan_price
DVN,0.11956808006320774,2025-09-30,22382893066.40625,sec_shares_x_jan_price
DXCM,0.21635485817742905,2025-09-30,27221491566.625717,sec_shares_x_jan_price
FANG,-0.311046511627907,2023-06-30,41467836646.02052,sec_shares_x_jan_price
DKS,0.3632732245817307,2025-11-01,21138708533.12384,yfinance_current
DLR,0.10202527364880454,2025-09-30,54476973695.2168,sec_shares_x_jan_price
DDS,0.02926330527698151,2025-11-01,8545806820.858093,yfinance_current
DG,0.045762782434362936,2025-10-31,32123701857.73256,sec_shares_x_jan_price
DLTR,-0.37232368382771075,2025-11-01,26658257763.738586,sec_shares_x_jan_price
D,0.19154557463672384,2025-09-30,52592311660.303696,sec_shares_x_jan_price
DPZ,0.06197002367331739,2025-09-07,12970394021.198761,sec_shares_x_jan_price
DASH,0.2734663710273466,2025-09-30,83662349417.74557,yfinance_current
DOV,0.04754071252335468,2025-09-30,27016193344.015594,sec_shares_x_jan_price
DOW,-0.08327971320893468,2025-09-30,18659067838.2426,sec_shares_x_jan_price
DD,0.002368265245707546,2025-12-31,17152134786.030079,sec_shares_x_jan_price
DUK,0.06560521772491845,2017-06-30,91395639183.80882,sec_shares_x_jan_price
EOG,-0.019782062028499636,2025-09-30,56541750882.29517,sec_shares_x_jan_price
EPAM,0.19429614903980807,2025-09-30,11178820567.809097,sec_shares_x_jan_price
EQT,0.048556862051690075,2024-06-30,31957237710.762024,sec_shares_x_jan_price
EMN,-0.10633116883116878,2025-09-30,7462233492.166534,sec_shares_x_jan_price
ETN,0.10133963750985031,2025-09-30,130184332608.03223,sec_shares_x_jan_price
ECL,0.04164061523071161,2025-09-30,76771904559.3977,sec_shares_x_jan_price
EIX,0.10555662372620644,2025-09-30,22777782474.40726,sec_shares_x_jan_price
EW,0.14670702894270526,2025-09-30,48473567468.26172,sec_shares_x_jan_price
EA,0.009559214020180562,2025-12-31,50955315682.96423,sec_shares_x_jan_price
ELV,0.12426284751474315,2025-09-30,80515524973.57312,sec_shares_x_jan_price
LLY,0.5386525163692948,2025-09-30,978986666307.1289,sec_shares_x_jan_price
EMR,0.040958083832335346,2025-12-31,80973955780.0293,sec_shares_x_jan_price
ENPH,0.07759541894542266,2025-09-30,4525531291.892277,sec_shares_x_jan_price
ETR,-0.05741085717178196,2024-09-30,42408927064.30467,sec_shares_x_jan_price
EFX,0.07150783742544031,2025-09-30,24904929655.734924,sec_shares_x_jan_price
EQIX,0.05224897773739201,2025-09-30,76256672709.83301,sec_shares_x_jan_price
EQR,0.029939893795264627,2020-03-31,22762254997.40204,sec_shares_x_jan_price
ERIE,0.0668606221109207,2025-09-30,13556148279.0,yfinance_current
ESS,-0.07881388997268823,2025-09-30,16345468511.511444,sec_shares_x_jan_price
EL,0.056193806193806095,2025-12-31,30285852003.416862,yfinance_current
EG,0.007934655775962751,2025-09-30,12844654740.164185,sec_shares_x_jan_price
EVRG,-0.014412602647896788,2025-09-30,17240329118.49785,sec_shares_x_jan_price
ES,0.05138409727790072,2025-09-30,25994734953.95677,sec_shares_x_jan_price
EXC,0.08953526161845948,2025-09-30,45163924457.61097,sec_shares_x_jan_price
EXE,3.5771604938271606,2025-09-30,24894407039.893494,sec_shares_x_jan_price
EXPE,0.08669950738916254,2025-09-30,32248732162.15265,yfinance_current
EXPD,-0.03512513286919805,2025-09-30,21134192838.54785,sec_shares_x_jan_price
EXR,0.08888293956227833,2025-09-30,30374758543.683838,sec_shares_x_jan_price
XOM,-0.2738507167572911,2023-06-30,536356223837.93604,sec_shares_x_jan_price
FFIV,0.07302909761262066,2025-12-31,14678055888.032532,sec_shares_x_jan_price
FDS,0.068500546013748,2025-11-30,10175932292.350037,sec_shares_x_jan_price
FICO,0.16362780929522147,2025-12-31,35452729263.0,sec_shares_x_jan_price
FAST,0.11679405297874568,2025-09-30,48408207668.654366,sec_shares_x_jan_price
FDX,0.06837529020803923,2025-11-30,56803567806.9668,sec_shares_x_jan_price
FRT,0.061324032631499215,2025-09-30,8757742723.251572,sec_shares_x_jan_price
FIS,0.08195459792227777,2025-12-31,30636840423.115997,sec_shares_x_jan_price
FITB,0.08053691275167796,2024-09-30,44794518828.08954,sec_shares_x_jan_price
FSLR,0.7966807409977603,2025-09-30,25981064822.837433,sec_shares_x_jan_price
FE,0.04693140794223827,2021-06-30,26778263681.23075,sec_shares_x_jan_price
FISV,,,34487800606.471985,sec_shares_x_jan_price
FIVE,0.23062782235602275,2025-11-01,10547137861.030426,sec_shares_x_jan_price
F,0.09390423413282534,2025-09-30,48359068137.02814,sec_shares_x_jan_price
FTNT,0.14375704528877398,2025-09-30,55834632895.75973,sec_shares_x_jan_price
FTV,0.046327367636092465,2025-12-31,16206445090.372925,sec_shares_x_jan_price
FOXA,0.02048050413548652,2025-12-31,71.60873413085938,sec_shares_x_jan_price
BEN,0.03353171078344297,2025-12-31,12749435210.83136,sec_shares_x_jan_price
FCX,0.020808383233532846,2025-09-30,86143016878.13397,sec_shares_x_jan_price
GE,-0.46640380252781677,2024-12-31,327109947780.47,sec_shares_x_jan_price
GEHC,0.05757762697923097,2025-09-30,35909286042.93819,sec_shares_x_jan_price
GEV,0.11847862672500842,2025-09-30,184478392075.48584,sec_shares_x_jan_price
GAP,0.029511621833376855,2025-11-01,9675394868.368301,sec_shares_x_jan_price
GRMN,0.1165677399178573,2025-09-27,38489164133.86963,sec_shares_x_jan_price
IT,0.026790971672956854,2025-09-30,15627988847.018341,sec_shares_x_jan_price
GEN,0.2576064908722109,2026-01-02,15064833980.144161,sec_shares_x_jan_price
GNRC,-0.050453192542709635,2025-09-30,9509004380.36847,sec_shares_x_jan_price
GD,0.10590352154913885,2025-09-28,96666888599.4437,sec_shares_x_jan_price
GIS,-0.07238411480696938,2025-11-23,23324042658.111607,sec_shares_x_jan_price
GM,-0.010707499720576719,2025-09-30,70019811095.56383,sec_shares_x_jan_price
GPC,0.04858029834186395,2025-09-30,17803165565.49994,sec_shares_x_jan_price
GILD,0.0296885354539429,2025-09-30,153239683854.67554,sec_shares_x_jan_price
GPN,-0.2282925730487032,2025-09-30,19994885145.98432,sec_shares_x_jan_price
GL,0.03956350354230809,2025-09-30,10747969964.207306,sec_shares_x_jan_price
GDDY,0.10256186824677593,2025-09-30,13800817283.454872,sec_shares_x_jan_price
GS,0.19568469958264423,2025-09-30,277260290458.6223,sec_shares_x_jan_price
HCA,0.09572825527534734,2025-09-30,103691446708.03223,sec_shares_x_jan_price
HPQ,0.03054959686367331,2025-07-31,17818980265.36377,sec_shares_x_jan_price
HAL,0.35286072486893083,2011-06-30,26609138148.579292,sec_shares_x_jan_price
HIG,0.046070460704606964,2025-09-30,35212827083.85193,sec_shares_x_jan_price
HAS,0.08288457035822994,2025-09-28,11797945318.898117,sec_shares_x_jan_price
DOC,0.053295530120060164,2025-09-30,12105827747.049084,sec_shares_x_jan_price
HSIC,0.051984877126654006,2025-09-27,8915951710.384117,sec_shares_x_jan_price
HSY,0.06491192953023495,2025-09-28,43880443308.824936,sec_shares_x_jan_price
HPE,0.18495460440985734,2025-07-31,26881221399.313046,sec_shares_x_jan_price
HLT,0.08824555284269264,2025-09-30,66427721951.132355,sec_shares_x_jan_price
HD,0.028221896213044273,2025-11-02,368369588295.88477,sec_shares_x_jan_price
HON,0.06423819391427643,2025-12-31,135295826824.20103,sec_shares_x_jan_price
HRL,0.046381108753906775,2025-07-27,13757873975.0,yfinance_current
HST,0.00909780136467031,2025-09-30,12413174563.447565,sec_shares_x_jan_price
HWM,0.1384196185286104,2025-09-30,88261697180.69661,sec_shares_x_jan_price
HUBB,0.11871393239901074,2025-12-31,24977868703.465393,sec_shares_x_jan_price
HUM,0.11062353301357275,2025-09-30,32156405983.526093,sec_shares_x_jan_price
HBAN,0.1712707182320441,2025-09-30,36148197184.68221,sec_shares_x_jan_price
HII,0.16114950891233182,2025-09-30,16187758498.97461,sec_shares_x_jan_price
IBM,0.09106092998396575,2025-09-30,269761524392.78284,sec_shares_x_jan_price
IEX,0.10085191681282879,2025-09-30,14320410099.254883,sec_shares_x_jan_price
IQV,0.05236139630390135,2025-09-30,39657193414.30664,sec_shares_x_jan_price
IDXX,0.13294749693247754,2025-09-30,54623681359.836914,sec_shares_x_jan_price
ITW,0.02344931921331317,2025-09-30,72871635614.01367,sec_shares_x_jan_price
INCY,0.20047000055366548,2025-09-30,20422867099.92961,sec_shares_x_jan_price
IR,0.05051047823750676,2025-09-30,33333562650.656418,sec_shares_x_jan_price
PODD,0.05789473684210522,2023-03-31,20010019794.0,sec_shares_x_jan_price
INTC,0.02777777777777768,2025-09-27,242557206859.58862,sec_shares_x_jan_price
ICE,-0.008572370590174794,2025-09-30,96769302386.64172,sec_shares_x_jan_price
IFF,-0.078974358974359,2025-09-30,17996848360.046265,sec_shares_x_jan_price
IP,0.5313615502294748,2025-12-31,21518792496.02664,sec_shares_x_jan_price
INTU,0.18336886993603407,2025-10-31,145830466180.41992,sec_shares_x_jan_price
ISRG,0.22913497865659194,2025-09-30,187309893070.29718,sec_shares_x_jan_price
IVZ,0.0824864722185561,2025-09-30,12188556127.70965,sec_shares_x_jan_price
INVH,,,16429704053.186844,sec_shares_x_jan_price
IRM,0.12632612411532862,2025-09-30,27099445605.33197,sec_shares_x_jan_price
JBHT,0.1563557849746262,2017-12-31,19177770274.04428,sec_shares_x_jan_price
SJM,0.025933427263120867,2025-10-31,10777418325.01854,sec_shares_x_jan_price
JPM,0.048838517108621415,2014-09-30,812342233541.7405,sec_shares_x_jan_price
JBL,0.18744638261366875,2025-11-30,26041564256.942123,sec_shares_x_jan_price
JKHY,0.07926489244538626,2025-12-31,13375515137.448242,sec_shares_x_jan_price
J,0.5609846164048977,2018-09-28,15908042223.375412,sec_shares_x_jan_price
JNJ,0.06773174313559704,2025-09-28,520092197667.8242,sec_shares_x_jan_price
JCI,0.06837449318098043,2025-12-31,69895768354.3694,sec_shares_x_jan_price
KKR,0.3534766720244489,2020-09-30,109158153859.18205,sec_shares_x_jan_price
KLAC,0.07159755217265973,2025-12-31,194302659159.641,sec_shares_x_jan_price
KVUE,-0.034624262631443914,2025-09-28,32935661913.27448,sec_shares_x_jan_price
KDP,0.106656386533025,2025-09-30,37642242144.21392,sec_shares_x_jan_price
KEY,0.03341288782816232,2025-09-30,22532163422.76068,sec_shares_x_jan_price
KEYS,0.11092851273623672,2025-07-31,36351669991.64497,sec_shares_x_jan_price
KMB,-0.005847953216374324,2025-12-31,32821696136.48787,sec_shares_x_jan_price
KIM,0.05560918145428184,2025-09-30,13827480593.306393,sec_shares_x_jan_price
KMI,0.1322992700729928,2025-09-30,61043435291.83259,sec_shares_x_jan_price
KSS,-0.03638814016172509,2025-11-01,2001735503.467804,sec_shares_x_jan_price
KHC,0.02198041349292712,2014-12-27,27169047221.160587,sec_shares_x_jan_price
KR,0.006689659273354298,2025-11-08,39556621268.1015,sec_shares_x_jan_price
LHX,0.025322391559202906,2026-01-02,63460056834.05301,sec_shares_x_jan_price
LKQ,-0.023716517857142905,2025-09-30,8166111894.309666,sec_shares_x_jan_price
LH,0.08577087141986595,2025-09-30,22238871826.171875,sec_shares_x_jan_price
LRCX,0.22137422198618983,2025-12-28,277406790970.5963,sec_shares_x_jan_price
LW,0.05461781254288467,2017-02-26,5939780387.894852,sec_shares_x_jan_price
LVS,0.2600138121546962,2025-12-31,38903144891.11482,sec_shares_x_jan_price
LDOS,0.06716238906212513,2025-10-03,24071210492.37964,sec_shares_x_jan_price
LEN,-0.06433318797855825,2025-08-31,21249360255.27391,yfinance_current
LII,,,17539276854.372955,sec_shares_x_jan_price
LIN,0.030995691718525675,2025-09-30,199416629287.68652,sec_shares_x_jan_price
LYV,0.11084124386508742,2025-09-30,33024888896.1828,sec_shares_x_jan_price
LMT,0.08799111318989716,2025-09-28,130987668978.86719,sec_shares_x_jan_price
L,0.0717423133235724,2025-09-30,21054897751.69124,sec_shares_x_jan_price
LOW,0.03187902825979183,2025-10-31,149170170530.05728,sec_shares_x_jan_price
LULU,0.07062328407033114,2025-11-02,21176991522.8817,sec_shares_x_jan_price
LYB,-0.2514047665181166,2025-09-30,15391388524.92752,sec_shares_x_jan_price
MTB,0.07360406091370564,2025-09-30,31109338731.91681,sec_shares_x_jan_price
MGM,0.01609461605139484,2025-09-30,8595837848.03666,sec_shares_x_jan_price
MSCI,0.09482617064874677,2025-09-30,42602638893.00488,sec_shares_x_jan_price
M,-0.006115563053563866,2025-11-01,5554832415.632114,sec_shares_x_jan_price
MPC,-0.00848833565955509,2025-09-30,51092143349.767395,sec_shares_x_jan_price
MKTX,0.010187939917277511,2025-09-30,6070896853.356628,sec_shares_x_jan_price
MAR,0.037410071942445944,2025-09-30,82838871562.78479,sec_shares_x_jan_price
MRSH,0.11479726171669302,2025-09-30,86737579276.45953,sec_shares_x_jan_price
MLM,0.08640226628895187,2025-12-31,37949959787.69763,sec_shares_x_jan_price
MAS,-0.033282904689863835,2025-09-30,13752851445.743484,sec_shares_x_jan_price
MA,0.1713519039100435,2022-09-30,65042427734.181274,sec_shares_x_jan_price
MTCH,0.02098418285530501,2025-09-30,7132420808.235878,sec_shares_x_jan_price
MKC,0.026848434337421123,2025-08-31,14370115659.517456,yfinance_current
MCD,0.02982685872253743,2025-09-30,212500768782.9453,sec_shares_x_jan_price
MCK,0.114005079018616,2025-12-31,100470410544.41016,sec_shares_x_jan_price
MDT,0.0664048554087826,2025-10-24,125565853678.70105,sec_shares_x_jan_price
MRK,0.03716155370114671,2025-09-30,268613737654.73224,sec_shares_x_jan_price
MET,0.12093862815884471,2025-09-30,48553054639.26963,sec_shares_x_jan_price
META,0.2624602724876197,2025-09-30,1479647005874.8252,yfinance_current
MTD,0.07874410053062486,2025-09-30,28528113501.800537,sec_shares_x_jan_price
MCHP,0.15594541910331383,2025-12-31,39166528356.83496,sec_shares_x_jan_price
MU,0.5665403605465611,2025-11-27,410638385529.01544,sec_shares_x_jan_price
MSFT,0.16717888327205888,2025-12-31,3360133188232.2573,sec_shares_x_jan_price
MAA,0.005891574703425384,2025-09-30,15523537172.230835,sec_shares_x_jan_price
MRNA,-0.4543501611170784,2025-09-30,16982395232.0,sec_shares_x_jan_price
MHK,0.014306730415593938,2025-09-27,7364180076.803787,sec_shares_x_jan_price
MOH,0.10996131528046416,2025-09-30,9850405220.031738,sec_shares_x_jan_price
TAP,-0.033025282380040544,2025-09-30,7460792871.855469,yfinance_current
MDLZ,0.05867014341590604,2025-09-30,73696170226.44896,sec_shares_x_jan_price
MPWR,0.18876538212826888,2025-09-30,50710695519.28711,sec_shares_x_jan_price
MNST,0.16808641059706875,2025-09-30,79699717893.15814,sec_shares_x_jan_price
MCO,0.10700496414782124,2025-09-30,91301621923.82812,sec_shares_x_jan_price
MS,0.13185408921933095,2015-06-30,286027008891.27844,sec_shares_x_jan_price
MOS,0.22811199260023485,2025-09-30,8424755496.142101,sec_shares_x_jan_price
MSI,0.07849462365591409,2025-09-27,64615160548.72949,sec_shares_x_jan_price
NRG,0.05275712080819428,2025-09-30,31770851426.084885,sec_shares_x_jan_price
NVR,-0.045169488951686265,2025-09-30,21054557012.578125,sec_shares_x_jan_price
NXPI,-0.02369230769230768,2025-09-28,57995255851.215744,sec_shares_x_jan_price
NDAQ,0.029442691903259766,2025-09-30,55197320047.66589,sec_shares_x_jan_price
NTAP,0.028347406513872242,2025-10-24,18476127613.146973,sec_shares_x_jan_price
NFLX,0.1715679344200023,2025-09-30,368425878228.5114,sec_shares_x_jan_price
NEM,0.1995656894679696,2025-09-30,128829614516.7121,sec_shares_x_jan_price
NWSA,0.05540661304736383,2025-12-31,14492372574.843872,yfinance_current
NEE,0.14337756960707781,2013-09-30,171559956791.60223,sec_shares_x_jan_price
NI,0.23470063790721007,2025-12-31,20498398750.041023,sec_shares_x_jan_price
NKE,0.00590901732232485,2025-11-30,53587644576.81087,sec_shares_x_jan_price
NDSN,0.12077466278922144,2025-07-31,14797408000.147278,sec_shares_x_jan_price
NSC,0.017043592264831098,2025-09-30,62420722298.34061,sec_shares_x_jan_price
NTRS,0.057579809460136966,2025-09-30,26358257236.128937,sec_shares_x_jan_price
NOC,0.042717086834733964,2025-09-30,92579802750.01483,sec_shares_x_jan_price
NCLH,0.1239349624298629,2018-03-31,9279465089.479116,sec_shares_x_jan_price
NUE,0.14465567639599364,2025-10-04,39609298618.61885,sec_shares_x_jan_price
NVDA,0.40816326530612246,2020-01-26,4321829676818.8477,sec_shares_x_jan_price
ON,-0.1197570804245417,2025-10-03,23664873572.904854,sec_shares_x_jan_price
ORLY,0.07819084110963215,2025-09-30,79857503326.95845,sec_shares_x_jan_price
OXY,-0.04814814814814816,2025-09-30,41463038638.99182,sec_shares_x_jan_price
ODFL,-0.04332711427135294,2025-09-30,35338147715.259735,sec_shares_x_jan_price
OMC,0.039792922268582887,2025-09-30,23976319052.730103,sec_shares_x_jan_price
OKE,0.718893091777822,2025-09-30,45466710338.71147,sec_shares_x_jan_price
ORCL,0.14218649975104913,2025-11-30,515657195390.4419,sec_shares_x_jan_price
OTIS,0.04002254791431792,2025-09-30,33899611659.931274,sec_shares_x_jan_price
PCG,0.11941827120032777,2021-09-30,40687883663.547455,sec_shares_x_jan_price
PNC,-0.08174192396930213,2024-03-31,88449384412.0619,sec_shares_x_jan_price
PPG,-0.1077595628415301,2025-09-30,24067029436.577957,sec_shares_x_jan_price
PPL,0.07703418391911421,2025-09-30,27524435458.74469,sec_shares_x_jan_price
PTC,0.21357462380204129,2025-12-31,19171464321.389465,sec_shares_x_jan_price
PCAR,-0.1903057075935387,2025-09-30,62424338825.98083,sec_shares_x_jan_price
PKG,0.06002565982404695,2025-09-30,19256003769467.836,sec_shares_x_jan_price
PLTR,0.6279337740311723,2025-09-30,309972445942.11554,yfinance_current
PANW,0.15672339629698895,2025-10-31,150192958007.8125,sec_shares_x_jan_price
PSKY,,,12314081863.526993,sec_shares_x_jan_price
PH,0.09096437328693385,2025-12-31,116834675058.56116,sec_shares_x_jan_price
PYPL,0.118701550387597,2020-03-31,50391025451.37772,sec_shares_x_jan_price
PAYX,0.17371955028107422,2025-11-30,37607793262.83551,sec_shares_x_jan_price
PAYC,0.09153106427044655,2025-09-30,7961017827.412903,sec_shares_x_jan_price
PNR,0.02879001409301396,2025-09-30,16936172763.9906,sec_shares_x_jan_price
PEP,0.026501994082078983,2025-09-06,197930033161.9909,sec_shares_x_jan_price
WOOF,-0.031113437080076745,2025-11-01,748180930.1796503,yfinance_current
PFE,-0.060429982568274254,2022-10-02,140405160356.2047,sec_shares_x_jan_price
PM,0.09423872464937944,2025-09-30,257943036648.04828,sec_shares_x_jan_price
PSX,-0.028512722359828824,2025-09-30,54641841197.231384,sec_shares_x_jan_price
PNW,0.029364524330323105,2025-09-30,11031038551.349716,sec_shares_x_jan_price
POOL,0.012737991135329585,2025-09-30,9462700071.677856,sec_shares_x_jan_price
PFG,0.2224731039978749,2025-09-30,18876841339.978706,sec_shares_x_jan_price
PG,0.014898089754135757,2025-12-31,336684386408.24866,sec_shares_x_jan_price
PGR,0.14164004259850915,2025-09-30,119416227620.26546,sec_shares_x_jan_price
PLD,0.023659416371374586,2025-12-31,120625173391.93726,sec_shares_x_jan_price
PRU,0.03184079601990053,2018-09-30,36700971771.240234,sec_shares_x_jan_price
PEG,0.2210446631339893,2025-09-30,38930955047.01927,sec_shares_x_jan_price
PSA,0.03054915226839139,2025-09-30,49546587256.31424,sec_shares_x_jan_price
PHM,-0.015982469614698736,2025-09-30,24337194221.506462,sec_shares_x_jan_price
QCOM,0.04996143628417182,2025-12-28,162742882278.44238,sec_shares_x_jan_price
PWR,0.1752982789446198,2025-09-30,69333486777.22766,sec_shares_x_jan_price
DGX,0.13183279742765275,2025-09-30,20669084260.976562,sec_shares_x_jan_price
RTX,0.11892080242919012,2025-09-30,261609340612.53156,sec_shares_x_jan_price
RL,0.12246326102169358,2025-12-27,23700599376.77179,yfinance_current
RJF,0.03494423791821566,2025-12-31,32954423752.865326,sec_shares_x_jan_price
O,0.10152808549459147,2018-09-30,56226407650.31367,sec_shares_x_jan_price
REG,0.07578844520437666,2025-09-30,12775785777.482979,sec_shares_x_jan_price
REGN,0.009030558765823704,2025-09-30,68756852992.79114,sec_shares_x_jan_price
RF,,,23407850269.890587,sec_shares_x_jan_price
RSG,0.03331534272116188,2025-09-30,64856271892.50458,sec_shares_x_jan_price
RMD,0.10975759093167481,2025-12-31,36689968656.88522,sec_shares_x_jan_price
RVTY,0.021782065319882138,2025-09-28,12499451831.690369,sec_shares_x_jan_price
ROK,0.11908559276980335,2025-12-31,45096400349.30786,sec_shares_x_jan_price
ROL,0.11987296320953433,2025-09-30,30167002382.424324,sec_shares_x_jan_price
ROP,0.1433185991159469,2025-09-30,41452344767.57828,sec_shares_x_jan_price
ROST,0.1044281270840095,2025-11-01,61104351514.37695,sec_shares_x_jan_price
RCL,0.05178059762586984,2025-09-30,72283481666.7486,sec_shares_x_jan_price
SPGI,0.08755244755244762,2025-09-30,154370139697.26562,sec_shares_x_jan_price
SBAC,0.8115423170557068,2025-09-30,19413590006.37964,sec_shares_x_jan_price
CRM,0.08629817873782297,2025-10-31,202617865310.66895,sec_shares_x_jan_price
SLB,-0.025221094005895894,2025-09-30,68690803259.19913,sec_shares_x_jan_price
STX,0.21505376344086025,2026-01-02,70965846176.06851,sec_shares_x_jan_price
SRE,0.07279096924873496,2025-09-30,57369952615.8371,sec_shares_x_jan_price
NOW,0.2180908115838398,2025-09-30,131168401596.06934,sec_shares_x_jan_price
SHW,0.03175659229208927,2025-09-30,85556427421.87463,sec_shares_x_jan_price
SPG,0.13223724460129738,2025-12-31,73308976714.99658,yfinance_current
SWKS,-0.030978006551240056,2026-01-02,8456931883.104202,sec_shares_x_jan_price
SW,0.04327988528223181,2025-09-30,21039646857.675877,sec_shares_x_jan_price
SNA,0.03756692706047571,2025-09-27,18679165702.975067,sec_shares_x_jan_price
SOLV,0.00672430355427478,2025-09-30,13699007515.96241,sec_shares_x_jan_price
SO,0.07547429199890021,2025-09-30,97839369590.07529,sec_shares_x_jan_price
LUV,0.011499272197962096,2025-09-30,20732500637.898254,sec_shares_x_jan_price
SFM,0.1308991203838139,2025-09-28,6861517600.774246,sec_shares_x_jan_price
SWK,0.0012528989950151281,2025-09-27,12252715514.370758,sec_shares_x_jan_price
SBUX,0.055044797718615035,2025-12-28,105405302834.32007,sec_shares_x_jan_price
STT,0.0877569806689169,2025-09-30,34695612298.794624,sec_shares_x_jan_price
STLD,0.11207810918287309,2025-09-30,24815444202.041626,sec_shares_x_jan_price
STE,0.09166259293578594,2025-12-31,25163313407.40509,sec_shares_x_jan_price
SYK,0.11420136730888752,2025-12-31,137247296826.81808,sec_shares_x_jan_price
SMCI,1.2336343568343713,2025-12-31,18814257842.081467,sec_shares_x_jan_price
SYF,,,26231471259.51116,sec_shares_x_jan_price
SNPS,0.14025111600925189,2025-07-31,97882449170.03036,sec_shares_x_jan_price
SYY,0.030321075877127734,2025-12-27,36373560910.377625,sec_shares_x_jan_price
TMUS,0.08902886618391026,2025-09-30,200301937100.25464,sec_shares_x_jan_price
TROW,0.06042786738351258,2025-09-30,22278013913.333336,sec_shares_x_jan_price
TEL,0.21715328467153294,2025-12-26,67977535484.32448,sec_shares_x_jan_price
TJX,0.06455187436788123,2015-08-01,172268833084.29855,sec_shares_x_jan_price
TKO,0.11862673358342701,2025-12-31,14575214847.39009,yfinance_current
TTWO,0.2494484483012207,2025-12-31,44555066581.18213,sec_shares_x_jan_price
TPR,0.13983784276213895,2025-12-27,26006090137.51848,sec_shares_x_jan_price
TRGP,0.12064274157964405,2024-06-30,39385918780.348114,sec_shares_x_jan_price
TGT,-0.015505688016206998,2025-11-01,48557930451.5037,sec_shares_x_jan_price
TDY,0.06650502251472123,2025-09-28,26219455343.129395,sec_shares_x_jan_price
TER,0.15934927060261206,2020-12-31,35037511139.131165,sec_shares_x_jan_price
TSLA,0.11567786514176803,2025-09-30,1573207109292.0,sec_shares_x_jan_price
TXN,0.14237533124548296,2025-09-30,170082542888.7979,sec_shares_x_jan_price
TPL,0.17009385640948826,2025-09-30,22543528386.096497,sec_shares_x_jan_price
TXT,-0.23396343352959403,2020-07-04,16221428153.198242,sec_shares_x_jan_price
TMO,0.0494432911870164,2025-09-27,229725344066.26538,sec_shares_x_jan_price
TSCO,0.0723129421364408,2025-09-27,26493540121.529,sec_shares_x_jan_price
TTD,0.17741108506789627,2025-09-30,8979069874.432108,yfinance_current
TT,0.05537381459972068,2025-09-30,85328562544.37271,sec_shares_x_jan_price
TDG,0.1390827517447657,2025-12-27,81804782441.1482,sec_shares_x_jan_price
TRV,0.04754704301075274,2025-09-30,58088378014.476135,sec_shares_x_jan_price
TRMB,0.029002055263758875,2025-10-03,16279146646.044922,sec_shares_x_jan_price
TFC,,,60135791403.27107,sec_shares_x_jan_price
TYL,0.09670241489167863,2025-09-30,18417928682.27234,sec_shares_x_jan_price
TSN,0.05064963664391109,2025-12-27,20736900268.85727,yfinance_current
USB,0.0677447552447552,2025-09-30,83626480336.96938,sec_shares_x_jan_price
UDR,0.24034749034749026,2025-09-30,12058503628.000164,sec_shares_x_jan_price
UPS,-0.03731175545066312,2025-09-30,73771805689.19687,sec_shares_x_jan_price
UBER,0.14378612716762995,2019-06-30,172305472609.1086,sec_shares_x_jan_price
ULTA,0.12945061460021345,2025-11-01,29971970430.027832,sec_shares_x_jan_price
UNP,0.02511902807420774,2025-09-30,130188688319.21753,sec_shares_x_jan_price
UAL,0.02573603718924744,2025-09-30,35114840492.12687,sec_shares_x_jan_price
URI,0.07322654462242562,2025-09-30,57116071843.84607,sec_shares_x_jan_price
UNH,0.12240626859750048,2025-09-30,304815014399.2882,sec_shares_x_jan_price
UHS,0.13429582993000055,2025-09-30,9584720564.67537,yfinance_current
VLO,-0.02153546660177641,2025-09-30,54643707410.70401,sec_shares_x_jan_price
VTR,0.20438237827738082,2025-09-30,36896208293.235596,sec_shares_x_jan_price
VLTO,0.06849315068493156,2025-10-03,25021565767.625732,sec_shares_x_jan_price
VRSN,0.07296466973886329,2025-09-30,22608137153.62549,sec_shares_x_jan_price
VRSK,0.05928581276713074,2025-09-30,30062830191.091797,sec_shares_x_jan_price
VZ,0.014731473147314711,2025-09-30,162384717962.37137,sec_shares_x_jan_price
VRTX,0.10985244777950132,2025-09-30,112303431304.09637,sec_shares_x_jan_price
VTRS,0.002541466024612138,2025-09-30,14347733909.633698,sec_shares_x_jan_price
VICI,0.0443872457806771,2025-09-30,30307753572.880737,sec_shares_x_jan_price
V,0.14626708727655102,2025-12-31,152270763351.09845,sec_shares_x_jan_price
VST,0.10066804883667357,2025-09-30,52765814865.893555,sec_shares_x_jan_price
VMC,0.1435201357353162,2025-09-30,38521671554.663086,sec_shares_x_jan_price
WRB,0.1081811762747622,2025-09-30,25332149840.268677,sec_shares_x_jan_price
GWW,0.061303555150410194,2025-09-30,48804392518.125,sec_shares_x_jan_price
WEC,0.12905822377247111,2025-09-30,34906709063.95968,sec_shares_x_jan_price
WAB,0.08374014269620722,2025-09-30,38708827963.43689,sec_shares_x_jan_price
WMT,0.05812991434676751,2025-10-31,942402254004.9662,sec_shares_x_jan_price
DIS,0.052288375860672254,2025-12-27,195469493871.84055,sec_shares_x_jan_price
WBD,-0.06006442897225395,2025-09-30,70033208935.98918,sec_shares_x_jan_price
WM,0.14868960599037262,2025-09-30,88521089054.91983,sec_shares_x_jan_price
WAT,0.06834770612136398,2025-12-31,37657382765.020874,sec_shares_x_jan_price
W,0.0807905686546464,2025-09-30,12473669155.5,yfinance_current
WFC,-0.1430258973194003,2020-09-30,264580732120.89365,sec_shares_x_jan_price
WELL,0.36376928186386714,2025-09-30,130268957895.7074,sec_shares_x_jan_price
WST,0.07725264426295353,2025-09-30,18011308236.952072,sec_shares_x_jan_price
WDC,-0.29591598599766633,2026-01-02,75539429674.2604,sec_shares_x_jan_price
WY,0.021415823914336718,2025-09-30,19098484348.745346,sec_shares_x_jan_price
WMB,0.15024711696869852,2025-09-30,74601786134.77693,sec_shares_x_jan_price
WSM,0.045619736675500455,2025-11-02,24481747562.501938,sec_shares_x_jan_price
WTW,0.0008936550491509543,2025-09-30,30323117018.946167,sec_shares_x_jan_price
WDAY,0.125925925925926,2025-10-31,40257801208.49609,sec_shares_x_jan_price
WYNN,0.10166971025824645,2018-09-30,11549051457.191757,sec_shares_x_jan_price
XEL,0.11225212464589229,2019-03-31,47196795914.06376,sec_shares_x_jan_price
XYL,0.07794676806083656,2025-09-30,33507468541.222916,sec_shares_x_jan_price
YUM,0.08378970427163202,2025-09-30,41949520752.25708,sec_shares_x_jan_price
ZBRA,0.05179282868525892,2025-09-27,11742551992.106567,sec_shares_x_jan_price
ZBH,0.09713847165880929,2025-09-30,16936602769.569061,sec_shares_x_jan_price
ZTS,0.005025125628140614,2025-09-30,51797719142.44929,sec_shares_x_jan_price
EBAY,0.09472049689440998,2025-09-30,40386250488.28125,sec_shares_x_jan_price
APP,0.172595525919373,2025-09-30,177060283118.09515,yfinance_current
ARES,0.4672663331973137,2025-09-30,16633266509.023956,sec_shares_x_jan_price
CVNA,0.5450068399452805,2025-09-30,49137382118.03066,yfinance_current
CASY,0.14171407461948005,2025-10-31,23562574943.290405,sec_shares_x_jan_price
CIEN,0.2940408019458607,2025-08-02,34106715526.00026,sec_shares_x_jan_price
COHR,0.1749286418780691,2025-12-31,36270240346.648254,sec_shares_x_jan_price
FIX,-0.04337759647837336,2021-03-31,39878438035.96619,sec_shares_x_jan_price
CRH,0.05268663813599628,2025-09-30,80189654603.62514,sec_shares_x_jan_price
SATS,-0.0711197990020005,2025-09-30,29416069032.0,yfinance_current
EME,0.16354271821654986,2025-09-30,30612472472.684692,sec_shares_x_jan_price
FDXF,,,22456537475.249573,yfinance_current
IBKR,0.18934911242603558,2025-09-30,3013692527.386688,sec_shares_x_jan_price
LITE,0.16016371077762614,2025-03-29,25477661041.259766,sec_shares_x_jan_price
Q,0.11149825783972123,2025-09-30,19922033373.6183,sec_shares_x_jan_price
HOOD,1.0,2025-09-30,101513938098.54568,yfinance_current
SNDK,0.6124733475479744,2026-01-02,66865671146.33679,sec_shares_x_jan_price
VEEV,0.16022293827149903,2025-10-31,35549219059.3235,sec_shares_x_jan_price
VRT,0.2904750421991802,2025-09-30,67007646734.63281,sec_shares_x_jan_price
