ticker,cik,q_end,rev_q,rev_filed,rev_prev,rev_yoy,op_margin_q,op_margin_delta_yoy,employees,employees_asof,op_margin_delta_qoq,rev_growth_qoq,rev_growth_yoy
MMM,0000066740,2026-03-31,6030000000.0,2026-04-21,,5954000000.0,0.2316749585406302,0.022403880273918736,,,,,0.012764528048370805
AOS,0000091142,2026-03-31,945600000.0,2026-04-30,,963900000.0,0.1711082910321489,-0.019782880251179247,,,,,-0.018985371926548367
AES,0000874761,2026-03-31,3180000000.0,2026-05-05,,2926000000.0,,,,,,,0.086807928913192
AMD,0000002488,2026-03-28,10253000000.0,2026-05-06,,7438000000.0,0.14395786599044183,0.035595402962746214,,,,,0.3784619521376713
APA,0001841666,,,,,,,,,,,,
T,0000732717,2026-03-31,31506000000.0,2026-04-27,,30626000000.0,0.2113248270170761,0.023445247574772177,133030.0,2025-12-31,,,0.02873375563246916
ABBV,0001551152,,,,,,,,,,,,
ABT,0000001800,2026-03-31,11164000000.0,2026-04-29,,10358000000.0,0.12047653170906485,-0.04297201048054704,,,,,0.07781424985518437
ACN,0001467373,2026-02-28,18044066000.0,2026-03-19,18742125000.0,16659301000.0,0.1381920793240282,0.003449691273052946,,,-0.015136211891615708,-0.03724545642503185,0.08312263521740793
ADBE,0000796343,2026-02-27,6398000000.0,2026-03-25,,5714000000.0,0.3779306033135355,-0.0006133238828243126,,,,,0.11970598529926502
AFL,0000004977,2026-03-31,4346000000.0,2026-05-06,,3398000000.0,,,,,,,0.2789876397881106
A,0001090872,2026-01-31,1798000000.0,2026-03-03,,1681000000.0,0.19632925472747498,-0.027347128377819496,,,,,0.06960142772159439
APD,0000002969,2026-03-31,3171800000.0,2026-04-30,3102500000.0,2916200000.0,0.2373100447695315,1.0356092012059899,,,0.0005654839314976345,0.022336825141015204,0.08764830944379676
ABNB,0001559720,2026-03-31,2678000000.0,2026-05-07,,2272000000.0,0.03211351755041075,0.015388165437734698,,,,,0.1786971830985915
AKAM,0001086222,,,,,,,,,,,,
ALB,0000915913,2026-03-31,1428731000.0,2026-05-06,,1076881000.0,0.1634359442050323,0.1450857272358407,,,,,0.32673062297505484
ACI,0001646972,,,,,,,,270000.0,2020-02-29,,,
ARE,0001035443,2026-03-31,671022000.0,2026-04-27,,758158000.0,,,,,,,-0.11493118848577732
ALGN,0001097149,2026-03-31,1040087000.0,2026-05-06,,979262000.0,0.13648377491498306,0.002607447639953492,,,,,0.06211310149888383
ALLE,0001579241,2026-03-31,1033600000.0,2026-04-28,,941900000.0,0.18895123839009287,-0.01956346593096031,,,,,0.0973564072619173
LNT,0000352541,2026-03-31,1184000000.0,2026-05-01,,1128000000.0,0.21030405405405406,-0.017532825378570066,,,,,0.049645390070921946
ALL,0000899051,2026-03-31,16941000000.0,2026-04-29,17345000000.0,16452000000.0,,,,,,-0.023292014989910625,0.02972283005105769
GOOGL,0001652044,,,,,,,,,,,,
MO,0000764180,2026-03-31,5428000000.0,2026-04-30,,5259000000.0,0.5445836403831983,0.20459504939631867,,,,,0.03213538695569507
AMZN,0001018724,2026-03-31,181519000000.0,2026-04-30,,155667000000.0,0.13140222235688825,0.013169070821880832,,,,,0.16607244952366274
AMCR,0001748790,2026-03-31,5914000000.0,2026-05-07,5449000000.0,3333000000.0,0.0779506256340886,-0.015958765305005312,36000.0,2024-09-28,0.017205534791732202,0.08533675903835558,0.7743774377437744
AEE,0001002910,2026-03-31,2176000000.0,2026-05-08,,2097000000.0,0.24448529411764705,0.039430453869673754,,,,,0.03767286599904618
AEP,0000004904,2026-03-31,5921000000.0,2026-05-05,,5631600000.0,0.22969093058604964,0.0016562690333825347,,,,,0.05138859293983944
AXP,0000004962,2026-03-31,10517000000.0,2026-04-23,,9626000000.0,,,,,,,0.09256181175981726
AIG,0000005272,2026-03-31,6650000000.0,2026-05-01,,6783000000.0,,,,,,,-0.019607843137254943
AMT,0001053507,2026-03-31,216100000.0,2026-04-28,,226000000.0,5.734382230448866,0.18526718620107907,,,,,-0.04380530973451324
AWK,0001410636,2026-03-31,1203000000.0,2026-04-29,,1134000000.0,0.3250207813798836,-0.002139712447276898,,,,,0.060846560846560926
AMP,0000820027,,,,,,,,,,,,
AME,0001037868,2026-03-31,1928437000.0,2026-04-30,,1731971000.0,0.2670224643065861,0.004414718564884901,,,,,0.11343492471871652
AMGN,0000318154,2026-03-31,8618000000.0,2026-05-01,,8149000000.0,0.30935251798561153,0.16479490355439297,,,,,0.057553073996809534
APH,0000820313,2026-03-31,7620100000.0,2026-05-01,,4811000000.0,0.24039054605582605,0.027378698207145946,,,,,0.5838910829349409
ADI,0000006281,2026-01-31,3160263000.0,2026-02-18,,2423174000.0,0.31548829954975266,0.11273232742393752,,,,,0.3041832736732897
AON,0000315293,2026-03-31,5034000000.0,2026-05-01,,4729000000.0,0.3406833531982519,0.031738544570635074,,,,,0.06449566504546422
APO,0001858681,2026-03-31,5059000000.0,2026-05-07,,5548000000.0,,,,,,,-0.088139870223504
AAPL,0000320193,2026-03-28,111184000000.0,2026-05-01,143756000000.0,95359000000.0,0.32275327385235286,0.01246268775140802,,,-0.030985004897751467,-0.2265783689028632,0.16595182415922993
AMAT,0000006951,2026-01-25,7012000000.0,2026-02-19,,7166000000.0,0.26112378779235595,-0.04239281840356923,,,,,-0.021490371197320668
APTV,0001521332,2026-03-31,5086000000.0,2026-05-05,,4825000000.0,0.07432166732206055,-0.018528073610581938,,,,,0.05409326424870464
ACGL,0000947484,2026-03-31,4521000000.0,2026-05-05,,4673000000.0,,,,,,,-0.03252728439974317
ADM,0000007084,2026-03-31,6139000000.0,2026-05-05,,6146000000.0,,,,,,,-0.001138952164009166
ANET,0001596532,2026-03-31,2709000000.0,2026-05-06,,2004800000.0,0.42739018087855296,-0.0009817265436337652,,,,,0.3512569832402235
AJG,0000354190,2026-03-31,4758000000.0,2026-05-07,,3727400000.0,,,706000.0,2012-03-31,,,0.2764929978000752
AIZ,0001267238,2026-03-31,3420100000.0,2026-05-07,,3074000000.0,,,,,,,0.11258945998698766
ATO,0000731802,2026-03-31,1962402000.0,2026-05-06,1342585000.0,1950502000.0,0.3897285061878249,0.06727869583131157,,,0.0063159103372828485,0.4616594107635643,0.00610099348783022
AZO,0000866787,2026-02-14,4274098000.0,2026-03-20,4628630000.0,3952012000.0,0.16341600028824796,-0.015421260327357467,,,-0.006008861928001763,-0.07659545048966976,0.08149924645977791
ADSK,0000769397,2026-04-30,1934000000.0,2026-05-29,,1633000000.0,0.2797311271975181,0.1370489471607759,,,,,0.18432333129210043
ADP,0000008670,2026-03-31,5939200000.0,2026-04-30,5359300000.0,5553000000.0,,,,,,0.10820442968298094,0.06954799207635509
AVB,0000915912,2026-03-31,1833000.0,2026-05-07,,1742000.0,282.3202400436443,-10.782515409857467,,,,,0.052238805970149294
AVY,0000008818,2026-03-31,2298500000.0,2026-05-05,,2148300000.0,,,,,,,0.0699157473351022
AXON,0001069183,2026-03-31,807345000.0,2026-05-07,,603633000.0,0.036221194161108326,0.05078799219898896,,,,,0.33747657931226427
BJ,0001531152,2026-05-02,5661500000.0,2026-05-28,,5153483000.0,0.03672401307074097,-0.002791980287537306,,,,,0.09857740871562015
BNY,0001390777,,,,,,,,,,,,
BXP,0001037540,2026-03-31,872148000.0,2026-05-07,,865215000.0,,,,,,,0.008013037221962227
BKR,0001701605,2026-03-31,6587000000.0,2026-04-24,,6427000000.0,,,68000.0,2019-12-31,,,0.024894974327057673
BALL,0000009389,,,,,,,,,,,,
BAC,0000070858,2026-03-31,30272000000.0,2026-05-01,,27366000000.0,,,,,,,0.10619016297595563
BAX,0000010456,2026-03-31,2701000000.0,2026-04-30,,2625000000.0,0.024435394298407995,0.0023401562031699005,,,,,0.028952380952381063
BDX,0000010795,2026-03-31,4714000000.0,2026-05-07,5252000000.0,5272000000.0,0.01972846839202376,-0.08383754071268033,,,-0.08537434958208134,-0.10243716679360249,-0.10584218512898336
BBBY,0001130713,2026-03-31,247755000.0,2026-04-27,,231748000.0,-0.07348792153538779,0.028118133317297025,,,,,0.06907071474187476
BRK.B,0001067983,2026-03-31,63137000000.0,2026-05-04,,59357000000.0,,,,,,,0.06368246373637487
BBY,0000764478,,,,,,,,,,,,
TECH,0000842023,2026-03-31,311415000.0,2026-05-06,295877000.0,316181000.0,0.2424257020374741,0.12000215350040198,,,0.05835935014124696,0.05251506538189865,-0.015073644526394703
BIIB,0000875045,2026-03-31,2477800000.0,2026-04-29,,2431000000.0,,,,,,,0.019251336898395754
BLK,0002012383,2026-03-31,6698000000.0,2026-05-06,,5276000000.0,0.4201254105703195,0.09829068729511098,,,,,0.2695223654283547
BX,0001393818,2026-03-31,3617595000.0,2026-05-08,,3289458000.0,,,,,,,0.09975412362766156
XYZ,0001512673,2026-03-31,6056847000.0,2026-05-07,,5771796000.0,-0.028395962453732115,-0.08544960745435237,,,,,0.04938688061740226
BA,0000012927,2026-03-31,22217000000.0,2026-04-22,,19496000000.0,0.020164738713597696,-0.003481137363546334,,,,,0.13956709068526885
BKNG,0001075531,,,,,,,,,,,,
BSX,0000885725,2026-03-31,5203000000.0,2026-05-01,,4663000000.0,0.21160868729579088,0.014096356178484426,,,,,0.11580527557366493
BMY,0000014272,2026-03-31,11489000000.0,2026-04-30,,11201000000.0,,,,,,,0.02571199000089286
AVGO,0001730168,2026-02-01,19311000000.0,2026-03-11,,14916000000.0,0.44342602661695407,0.02374246534047242,,,,,0.2946500402252614
BR,0001383312,2026-03-31,1953600000.0,2026-04-30,1713900000.0,1811700000.0,0.18401924651924653,-0.006354435657714347,,,0.06382553626777328,0.13985646770523363,0.07832422586520948
BRO,0000079282,2026-03-31,1901000000.0,2026-04-27,,1404000000.0,,,,,,,0.353988603988604
BF-A,0000014693,2026-01-31,1056000000.0,2026-03-04,1036000000.0,1035000000.0,0.32196969696969696,0.051438296003513406,,,0.027568152568152537,0.019305019305019266,0.020289855072463725
BLDR,0001316835,2026-03-31,3287077000.0,2026-04-30,,3657496000.0,0.005024524828593915,-0.045403691634253895,,,,,-0.10127666578446015
BG,0001996862,2026-03-31,4660000000.0,2026-04-29,,3663000000.0,,,,,,,0.2721812721812722
BURL,0001579298,2026-05-02,2852310000.0,2026-05-28,,2500075000.0,,,,,,,0.14088977330680086
CHRW,0001043277,2026-03-31,4012934000.0,2026-05-01,,4046740000.0,0.04377993757186139,7.735228098527946e-05,,,,,-0.008353884855463956
CBRE,0001138118,2026-03-31,10424000000.0,2026-04-23,,8763000000.0,0.04902148887183423,0.017525425879708248,155000.0,2025-12-31,,,0.18954695880406258
CDW,0001402057,2026-03-31,5679800000.0,2026-05-06,,5199100000.0,0.06619951406739674,-0.0033125168610331768,,,,,0.09245831009213124
CF,0001324404,2026-03-31,1986000000.0,2026-05-07,,1663000000.0,0.43454179254783487,0.16093986831452156,,,,,0.19422730006013222
CME,0001156375,2026-03-31,1880100000.0,2026-04-24,,1642300000.0,0.6966118823466837,0.021948300784240815,,,,,0.14479693113316694
CMS,0000811156,2026-03-31,2675000000.0,2026-04-28,,2398000000.0,0.18317757009345795,-0.022827434076683834,,,,,0.11551292743953301
CSX,0000277948,2026-03-31,3482000000.0,2026-04-22,,3423000000.0,0.3598506605399196,0.05573146685017377,23000.0,2025-12-31,,,0.017236342389716608
CVS,0000064803,,,,,,,,,,,,
CDNS,0000813672,2026-03-31,1474220000.0,2026-05-01,,1242366000.0,0.292581161563403,0.0015880081770418553,,,,,0.18662294364140686
CZR,0001590895,2026-03-31,2870000000.0,2026-04-28,,2794000000.0,0.17421602787456447,-0.00044395780904327165,15500.0,2019-12-31,,,0.027201145311381625
CPT,0000906345,2026-03-31,2143000.0,2026-05-01,,2487000.0,,,,,,,-0.1383192601527945
CPB,0000016732,2026-02-01,2564000000.0,2026-03-11,2677000000.0,2685000000.0,0.10647425897035881,-0.015313450526847891,,,-0.019039375695311722,-0.042211430706014186,-0.045065176908752336
COF,0000927628,2026-03-31,2410000000.0,2026-05-07,,1489000000.0,,,,,,,0.6185359301544662
KMX,0001170010,,,,,,,,,,,,
CAH,0000721371,,,,,,,,,,,,
CCL,0000815097,2026-02-28,6165000000.0,2026-03-27,,5810000000.0,0.09845904298459043,0.0049994904888933656,,,,,0.061101549053356186
CARR,0001783180,2026-03-31,5341000000.0,2026-04-30,,5218000000.0,0.04849279161205767,-0.07205147822312821,,,,,0.023572249904177944
CAT,0000018230,2026-03-31,17415000000.0,2026-05-06,19133000000.0,14249000000.0,0.17714613838644847,-0.0038490191684676656,,,,-0.08979250509590764,0.2221910309495403
CBOE,0001374310,,,,,,,,,,,,
COR,0001140859,2026-03-31,78355916000.0,2026-05-06,85932016000.0,75453673000.0,0.01458208975567333,0.0008492924139190065,,,0.0057326639491148065,-0.08816388061930258,0.038463906190491226
CNC,0001071739,2026-03-31,44655000000.0,2026-04-28,,42489000000.0,0.04167506438248796,0.0055716023099515385,,,,,0.050977900162394896
CNP,0001130310,2026-03-31,2975000000.0,2026-04-23,,2956000000.0,0.2211764705882353,0.0016230199793043076,,,,,0.0064276048714480005
CRL,0001100682,2026-03-28,995830000.0,2026-05-07,,984168000.0,0.12039906409728568,0.04452888746077646,,,,,0.011849602913323709
SCHW,0000316709,2026-03-31,6482000000.0,2026-05-08,,5599000000.0,,,,,,,0.1577067333452402
CHTR,0001091667,2026-03-31,13597000000.0,2026-04-24,,13735000000.0,0.23593439729352064,0.0002591151675650494,,,,,-0.010047324353840592
CVX,0000093410,2026-03-31,47556000000.0,2026-05-07,,46101000000.0,,,,,,,0.03156113750244027
CHWY,0001766502,2026-05-03,3357200000.0,2026-06-10,,3116000000.0,0.03827594423924699,0.013596868501121188,,,,,0.07740693196405646
CMG,0001058090,2026-03-31,3088242000.0,2026-04-30,,2875253000.0,0.1285725017663771,-0.03810848248092216,,,,,0.07407661169295365
CB,0000896159,2026-03-31,14773000000.0,2026-04-28,,13353000000.0,,,,,,,0.10634314386280241
CHD,0000313927,2026-03-31,1469300000.0,2026-05-01,,1467100000.0,0.19805349486149867,-0.003227944713172448,,,,,0.001499556949083214
CI,0001739940,2026-03-31,68494000000.0,2026-04-30,,65502000000.0,0.0344263731129734,0.004335688859057486,,,,,0.045677994565051394
CINF,0000020286,2026-03-31,2863000000.0,2026-04-27,,2566000000.0,,,,,,,0.1157443491816057
CTAS,0000723254,2026-02-28,2841444000.0,2026-04-07,2799992000.0,2609159000.0,0.23224247952801463,-0.001492988490607472,,,-0.00194176099838686,0.014804328012365753,0.08902677069507847
CSCO,0000858877,2026-01-24,15349000000.0,2026-02-17,14883000000.0,13991000000.0,0.2463352661411167,0.023835087454818354,,,0.020372758582156814,0.03131089162131295,0.09706239725537835
C,0000831001,,,,,,,,,,,,
CFG,0000759944,2026-03-31,415000000.0,2026-05-04,,367000000.0,,,,,,,0.13079019073569476
CLX,0000021076,2026-03-31,1670000000.0,2026-04-30,1673000000.0,1668000000.0,,,,,,-0.0017931858936043321,0.0011990407673860837
CSGP,0001057352,2026-03-31,897000000.0,2026-04-29,,732200000.0,0.0033444816053511705,0.06179845592930637,,,,,0.2250751160885005
KO,0000021344,2026-04-03,12472000000.0,2026-04-30,,11129000000.0,0.3495028864656831,0.020722223333326184,,,,,0.12067571210351336
CTSH,0001058290,2026-03-31,5413000000.0,2026-04-29,,5115000000.0,0.15573619065213376,-0.011028227725187856,,,,,0.05826001955034221
COIN,0001679788,2026-03-31,1412982000.0,2026-05-07,,2034295000.0,-0.015160136505631352,-0.3621137494280443,,,,,-0.3054193221730378
CL,0000021665,2026-03-31,5324000000.0,2026-05-01,,4911000000.0,0.18106686701728025,-0.038033112620268095,,,,,0.0840969252698025
CMCSA,0001166691,2026-03-31,31457000000.0,2026-04-23,,29887000000.0,0.13144927996948216,-0.05786379929575022,,,,,0.05253120085655971
CAG,0000023217,2026-02-22,2787800000.0,2026-04-01,2979100000.0,2841000000.0,0.1004734916421551,-0.0385620592202173,12600.0,2017-05-28,0.30107098753017497,-0.06421402436977608,-0.018725800774375245
COP,0001163165,2026-03-31,13500000000.0,2026-04-30,,14479000000.0,,,,,,,-0.06761516679328683
ED,0001047862,2026-03-31,5231000000.0,2026-05-07,,4887000000.0,0.2250047792009176,-0.0051977990679590025,,,,,0.07039083282177194
STZ,0000016918,2026-02-28,1920200000.0,2026-04-22,2222800000.0,2164200000.0,,,,,,-0.13613460500269925,-0.11274373902596801
CEG,0001868275,2026-03-31,7541000000.0,2026-05-11,,6106000000.0,0.3092428059939,0.23538103069091937,,,,,0.23501473960039299
COO,0000711404,2026-01-31,1024100000.0,2026-03-06,,964700000.0,0.2077922077922078,0.019132520842897127,,,,,0.061573546180159644
CPRT,0000900075,,,,,,,,,,,,
GLW,0000024741,,,,,,,,,,,,
CPAY,0001175454,2026-03-31,1260987000.0,2026-05-08,,1005667000.0,0.5044976673034695,0.07978053926804618,,,,,0.25388125492832114
CTVA,0001755672,2026-03-31,4905000000.0,2026-05-06,,4417000000.0,,,,,,,0.11048222775639571
COST,0000909832,2026-02-15,69597000000.0,2026-03-11,67307000000.0,63723000000.0,0.0374441427073006,0.0010993378487722805,,,0.0008506234596740506,0.03402320709584439,0.09218021750388394
CRWD,0001535527,2026-04-30,1385629000.0,2026-06-04,,1103434000.0,-0.022083833407066395,0.09088712815474881,,,,,0.25574252741894843
CCI,0001051470,2026-03-31,49000000.0,2026-05-07,,50000000.0,9.489795918367347,-0.9302040816326524,,,,,-0.020000000000000018
CMI,0000026172,,,,,,,,,,,,
DHI,0000882184,2026-03-31,7558100000.0,2026-04-23,6886900000.0,7734000000.0,,,,,,0.09746039582395571,-0.02274372898888022
DTE,0000936340,,,,,,,,,,,,
DVA,0000927066,2026-03-31,3415548000.0,2026-05-05,,3223529000.0,0.14108775517135172,0.004921150186566414,,,,,0.05956794556524847
DHR,0000313616,2026-03-27,5951000000.0,2026-04-21,,5741000000.0,0.22584439589984875,0.003931837112181091,,,,,0.03657899320675839
DRI,0000940944,2026-02-22,3345300000.0,2026-03-27,3102100000.0,3158000000.0,0.12148387289630228,-0.010941712917503926,,,0.018199001357667152,0.0783985042390638,0.05930968967701067
DDOG,0001561550,2026-03-31,1006426000.0,2026-05-07,,761553000.0,0.007280217323479322,0.023588996883142272,,,,,0.32154426546806336
DECK,0000910521,,,,,,,,,,,,
DE,0000315189,2026-02-01,9611000000.0,2026-02-26,,8508000000.0,,,,,,,0.1296426892336624
DELL,0001571996,2026-05-01,43842000000.0,2026-06-09,,23378000000.0,0.08339035627936682,0.03355717978864905,,,,,0.8753528958850201
DAL,0000027904,2026-03-31,15854000000.0,2026-04-08,,14040000000.0,0.031600857827677555,-0.00892620769938797,103000.0,2025-12-31,,,0.1292022792022791
DVN,0001090012,2026-03-31,4508000000.0,2026-05-06,,4550000000.0,,,,,,,-0.009230769230769265
DXCM,0001093557,2026-03-31,1191900000.0,2026-04-30,,1036000000.0,0.21419582179713062,0.08514176774307658,,,,,0.15048262548262548
FANG,0001539838,,,,,,,,,,,,
DKS,0001089063,2026-05-02,5164504000.0,2026-06-04,,3174677000.0,0.08725910561788702,-0.028064752525791853,,,,,0.6267809292094912
DLR,0001297996,2026-03-31,1635173000.0,2026-05-01,,1407637000.0,0.16377838919796253,0.024715548422961586,,,,,0.16164394655724457
DDS,0000028917,2026-05-02,1568427000.0,2026-06-05,,1528863000.0,,,38000.0,2020-05-02,,,0.025878054475777068
DG,0000029534,2026-05-01,10786965000.0,2026-06-02,,10435979000.0,0.05919329487024386,0.003988795129491213,,,,,0.03363230224974578
DLTR,0000935703,2026-05-02,4970500000.0,2026-05-28,,4636500000.0,0.09522180867115984,0.012379147180811512,,,,,0.07203709694812899
D,0000715957,2026-03-31,5091000000.0,2026-05-01,,4085000000.0,0.27342368886269885,-0.02596431603326199,,,,,0.24626682986536097
DPZ,0001286681,2026-03-22,1150594000.0,2026-04-27,,1112056000.0,0.200207023502643,0.011282185185148202,,,,,0.03465472961793292
DASH,0001792789,2026-03-31,4036000000.0,2026-05-06,,3032000000.0,0.037413280475718534,-0.013708091555943734,,,,,0.33113456464379953
DOV,0000029905,2026-03-31,2053623000.0,2026-04-23,,1866059000.0,0.14896064175362275,-0.009828013910533645,,,,,0.1005134349985719
DOW,0001751788,2026-03-31,9794000000.0,2026-04-24,,10431000000.0,,,35700.0,2021-12-31,,,-0.061067970472629685
DD,0001666700,2026-03-31,1681000000.0,2026-05-05,1693000000.0,3066000000.0,,,,,,-0.007088009450679222,-0.4517286366601435
DUK,0001326160,,,,,,,,,,,,
EOG,0000821189,2026-03-31,6921000000.0,2026-05-05,,5669000000.0,0.37537928045080193,0.0474554843668365,,,,,0.2208502381372377
EPAM,0001352010,2026-03-31,1400061000.0,2026-05-07,,1301692000.0,0.08340208033792813,0.00709370631396547,,,,,0.07557010414137899
EQT,0000033213,,,,,,,,1873.0,2012-12-31,,,
EMN,0000915389,2026-03-31,2177000000.0,2026-05-01,,2290000000.0,,,,,,,-0.04934497816593886
ETN,0001551182,2026-03-31,7451000000.0,2026-05-05,,6377000000.0,,,92000.0,2020-12-31,,,0.16841775129371173
ECL,0000031462,2026-03-31,4066100000.0,2026-05-07,,3695000000.0,0.15297213546149874,0.0026879676671821007,,,,,0.10043301759133971
EIX,0000827052,2026-03-31,4103000000.0,2026-04-28,,3811000000.0,0.2617596880331465,-0.2981983282355494,,,,,0.07662030963001842
EW,0001099800,2026-03-31,1648600000.0,2026-05-06,,1412700000.0,0.28970035181366005,0.01023549727978873,,,,,0.1669852056346004
EA,0000712515,,,,,,,,,,,,
ELV,0001156039,2026-03-31,50181000000.0,2026-04-22,,48891000000.0,0.04156951834359618,-0.023268590919867438,,,,,0.02638522427440626
LLY,0000059478,2026-03-31,19799000000.0,2026-04-30,,12728500000.0,,,,,,,0.5554857210197588
EMR,0000032604,2026-03-31,4562000000.0,2026-05-05,4346000000.0,4432000000.0,,,,,,0.04970087436723425,0.02933212996389889
ENPH,0001463101,2026-03-31,282900000.0,2026-04-28,,356084000.0,-0.10478260869565217,-0.19442999526736,,,,,-0.20552453915368285
ETR,0000065984,,,,,,,,,,,,
EFX,0000033185,2026-03-31,1648900000.0,2026-04-21,,1442000000.0,0.17447995633452604,0.010957071452417866,,,,,0.14348127600554794
EQIX,0001101239,2026-03-31,2444000000.0,2026-04-29,,2225000000.0,0.23608837970540097,0.030245683076187496,,,,,0.09842696629213488
EQR,0000906107,,,,,,,,,,,,
ERIE,0000922621,2026-03-31,1011911000.0,2026-04-23,,989399000.0,0.16482378390984978,0.011825852842605927,,,,,0.022753206744700494
ESS,0000920522,2026-03-31,2313000.0,2026-04-29,,2494000.0,67.09597924773023,-35.98381225186881,,,,,-0.0725741780272654
EL,0001001250,2026-03-31,3712000000.0,2026-05-01,4229000000.0,3550000000.0,0.06707974137931035,-0.019117441719281203,,,-0.027741729417568348,-0.12225112319697329,0.045633802816901436
EG,0001095073,2026-03-31,4068000000.0,2026-05-05,,4263000000.0,,,,,,,-0.04574243490499652
EVRG,0001711269,2026-03-31,1350500000.0,2026-05-07,,1294500000.0,0.23576453165494263,0.010503813230840653,,,,,0.043259945925067544
ES,0000072741,2026-03-31,4504363000.0,2026-05-07,,4118355000.0,0.2389123611929145,0.013969635274434927,,,,,0.09372868536102397
EXC,0001109357,2026-03-31,7242000000.0,2026-05-06,,6714000000.0,0.22162386081193042,-0.0071518317707326695,,,,,0.07864164432529042
EXE,0000895126,2026-03-31,4397000000.0,2026-04-28,,2196000000.0,0.3481919490561747,0.4702320219159197,,,,,1.0022768670309654
EXPE,0001324424,2026-03-31,3426000000.0,2026-05-08,,2988000000.0,0.07326328079392878,0.09669032229325944,,,,,0.14658634538152615
EXPD,0000746515,2026-03-31,2782962000.0,2026-05-06,,2666419000.0,0.10594036138474043,0.006234351189043502,,,,,0.043707684351184106
EXR,0001289490,2026-03-31,33695000.0,2026-05-01,,30905000.0,10.908235643270515,-1.6699879451455981,,,,,0.0902766542630642
XOM,0000034088,,,,,,,,,,,,
FFIV,0001048695,2026-03-31,811700000.0,2026-05-05,822465000.0,731123000.0,0.22054700012319822,0.0032142120697516707,,,-0.039873808057089066,-0.01308870286273578,0.11020990996043079
FDS,0001013237,2026-02-28,611019000.0,2026-04-02,607621000.0,570660000.0,0.3027090810596724,-0.022339108755629167,6258.0,2013-08-31,-0.013394213592750726,0.00559230178022152,0.0707233729365997
FICO,0000814547,2026-03-31,691677000.0,2026-04-28,511959000.0,498735000.0,0.5818684154598173,0.08932628386688718,,,0.12470485353395994,0.3510398293613355,0.3868627627898584
FAST,0000815556,2026-03-31,2201700000.0,2026-04-16,,1959400000.0,0.2032974519689331,0.0022665241338815367,,,,,0.12366030417474727
FDX,0001048911,2026-02-28,24000000000.0,2026-03-19,23469000000.0,22160000000.0,0.05616666666666666,-0.0021365824308062636,,,-0.0025490860283778616,0.022625591205419848,0.08303249097472931
FRT,0000034903,2026-03-31,341084000.0,2026-05-01,,309154000.0,0.6127083064582332,0.26293764199974323,,,,,0.1032818595263203
FIS,0001136893,2026-03-31,3295000000.0,2026-05-08,2812000000.0,2532000000.0,0.1283763277693475,-0.00866948581675045,,,-0.05974600508982747,0.17176386913229025,0.30134281200631907
FITB,0000035527,,,,,,,,,,,,
FSLR,0001274494,2026-03-31,1044240000.0,2026-04-30,,844568000.0,0.3306739829924155,0.06871283835989334,,,,,0.2364190923643803
FE,0001031296,,,,,,,,,,,,
FISV,0000798354,2026-03-31,5027000000.0,2026-05-06,,5130000000.0,0.1826138850208872,-0.08931593954051631,,,,,-0.020077972709551695
FIVE,0001177609,2026-05-02,1285602000.0,2026-06-04,,970527000.0,0.11997725579145023,0.06758613220601675,,,,,0.3246432093079328
F,0000037996,2026-03-31,43253000000.0,2026-04-30,,40659000000.0,0.053845976001664624,0.04600023459139875,,,,,0.06379891290981088
FTNT,0001262039,2026-03-31,1849600000.0,2026-05-08,,1539700000.0,0.31358131487889274,0.0188485747347088,,,,,0.20127297525491983
FTV,0001659166,2026-04-03,1069400000.0,2026-04-30,1122500000.0,1474200000.0,0.17925939779315503,0.020800572667663247,18000.0,2022-12-31,-0.021631470803726932,-0.047305122494432084,-0.2745896079229413
FOXA,0001754301,2026-03-31,3994000000.0,2026-05-11,5182000000.0,4371000000.0,,,,,,-0.22925511385565422,-0.08625028597574924
BEN,0000038777,2026-03-31,2294900000.0,2026-04-28,2327100000.0,2111400000.0,0.14087759815242495,0.07191861359241737,,,0.02012644865304805,-0.01383696446220617,0.08690915979918534
FCX,0000831259,2026-03-31,6254000000.0,2026-05-08,,5574000000.0,0.34170131116085706,0.10793740732160337,,,,,0.12199497667743087
GE,0000040545,,,,,,,,,,,,
GEHC,0001932393,2026-03-31,5131000000.0,2026-04-29,,4777000000.0,0.10037029818748781,-0.03130229967728086,,,,,0.0741050868746076
GEV,0001996810,2026-03-31,9339000000.0,2026-04-22,,8032000000.0,0.01916693436128065,0.013813348703910135,,,,,0.16272410358565748
GAP,0000039911,2026-05-02,3497000000.0,2026-05-29,,3463000000.0,0.12725193022590792,0.05217251931051664,,,,,0.009818076812012633
GRMN,0001121788,2026-03-28,1753489000.0,2026-04-29,,1535099000.0,0.2461749118471801,0.02936544222991111,,,,,0.14226444027388463
IT,0000749251,2026-03-31,1511041000.0,2026-05-05,,1534130000.0,0.20918823513061524,0.027957179092339468,14000.0,2017-09-30,,,-0.015050223905405669
GEN,0000849399,,,,,,,,,,,,
GNRC,0001474735,2026-03-31,1059365000.0,2026-05-05,,942121000.0,0.1107182132692698,0.021941930817228075,,,,,0.12444685979826375
GD,0000040533,2026-04-05,13481000000.0,2026-04-29,,12223000000.0,0.10533343223796454,0.0015945792558815786,,,,,0.10292072322670376
GIS,0000040704,2026-02-22,4436700000.0,2026-03-18,4860800000.0,4842200000.0,0.11824103500349359,-0.06584884149892267,,,-0.03152855024996262,-0.08724901250822914,-0.08374292676882411
GM,0001467858,2026-03-31,39349000000.0,2026-04-28,,39861000000.0,0.07436021245774987,-0.009732008008369888,,,,,-0.012844635106996849
GPC,0000040987,2026-03-31,6264940000.0,2026-04-21,,5866069000.0,,,,,,,0.06799630212327878
GILD,0000882095,2026-03-31,6960000000.0,2026-05-07,,6667000000.0,0.371551724137931,0.03601850079909796,,,,,0.04394780260986941
GPN,0001123360,2026-03-31,2969682000.0,2026-05-08,,2412098000.0,-0.005268577578340038,-0.20048659940000732,,,,,0.23116142047296595
GL,0000320335,2026-03-31,1559619000.0,2026-05-07,,1480422000.0,,,,,,,0.053496232830908985
GDDY,0001609711,2026-03-31,1266900000.0,2026-05-01,,1194300000.0,0.24508643144683875,0.0380195303332157,,,,,0.0607887465460939
GS,0000886982,2026-03-31,17227000000.0,2026-05-01,,15062000000.0,,,,,,,0.1437392112601248
HCA,0000860730,2026-03-31,19109000000.0,2026-04-29,,18321000000.0,,,,,,,0.043010752688172005
HPQ,0000047217,2026-01-31,14438000000.0,2026-02-25,,13504000000.0,0.05256960797894445,-0.010004444153756974,,,,,0.06916469194312791
HAL,0000045012,,,,,,,,,,,,
HIG,0000874766,2026-03-31,392000000.0,2026-04-23,,366000000.0,,,,,,,0.0710382513661203
HAS,0000046080,2026-03-29,1000200000.0,2026-05-13,,887100000.0,0.27024595080983804,0.07782119599076465,,,,,0.12749408183970234
DOC,0000765880,2026-03-31,200345000.0,2026-05-06,,148927000.0,,,,,,,0.34525640078696274
HSIC,0001000228,2026-03-28,3368000000.0,2026-05-05,,3168000000.0,0.054038004750593824,-0.001201894239305168,,,,,0.06313131313131315
HSY,0000047111,2026-03-29,3104167000.0,2026-04-30,,2805419000.0,0.2063977228029291,0.07478779216511705,17550.0,2025-12-31,,,0.10648961884124963
HPE,0001645590,2026-01-31,9301000000.0,2026-03-10,,7854000000.0,0.050532200838619507,-0.0045989425278179785,,,,,0.18423733129615472
HLT,0001585689,2026-03-31,2937000000.0,2026-04-28,,2695000000.0,0.23084780388151174,0.03196097642325571,,,,,0.0897959183673469
HD,0000354950,2026-05-03,41765000000.0,2026-05-27,,39856000000.0,0.11926254040464504,-0.009526098696117702,,,,,0.04789743075070252
HON,0000773840,2026-03-31,9143000000.0,2026-04-23,9758000000.0,9822000000.0,0.23285573662911516,0.00296365762280279,,,,-0.06302521008403361,-0.06913052331500713
HRL,0000048465,2026-01-25,3027317000.0,2026-02-26,,2988813000.0,0.08049933323797938,0.004104456743531576,,,,,0.01288270627837873
HST,0001070750,2026-03-31,1645000000.0,2026-05-08,,1594000000.0,0.1939209726443769,0.015125489582896362,,,,,0.0319949811794229
HWM,0000004281,2026-03-31,2313000000.0,2026-05-07,,1942000000.0,0.32555123216601817,0.07117430116704804,,,,,0.19104016477857888
HUBB,0000048898,2026-03-31,1516700000.0,2026-05-01,1492700000.0,1365200000.0,0.17393024329135623,-0.0011356811153241109,,,,0.01607824747102571,0.11097275124523875
HUM,0000049071,2026-03-31,39648000000.0,2026-04-29,,32112000000.0,0.04423930589184826,-0.01847868115349304,,,,,0.23467862481315405
HBAN,0000049196,2026-03-31,472000000.0,2026-04-30,,351000000.0,,,,,,,0.3447293447293447
HII,0001501585,2026-03-31,3099000000.0,2026-05-05,,2734000000.0,0.0500161342368506,-0.008871941842154521,44000.0,2026-03-31,,,0.13350402340892464
IBM,0000051143,2026-03-31,15917000000.0,2026-04-23,,14541000000.0,,,,,,,0.09462898012516341
IEX,0000832101,2026-03-31,886900000.0,2026-04-29,,814300000.0,0.19438493629495998,0.020002030731899684,,,,,0.0891563305906915
IQV,0001478242,2026-03-31,4151000000.0,2026-05-05,,3829000000.0,0.12382558419657914,-0.005712154116296289,93000.0,2026-03-31,,,0.08409506398537481
IDXX,0000874716,2026-03-31,1140820000.0,2026-05-05,,998427000.0,0.317829280692835,0.0007965882676501668,,,,,0.14261733707121294
ITW,0000049826,2026-03-31,4016000000.0,2026-05-07,,3839000000.0,0.2539840637450199,0.006263303130276482,,,,,0.04610575670747585
INCY,0000879169,2026-03-31,1272676000.0,2026-04-28,,1052898000.0,0.236601460230255,0.0417411793673414,,,,,0.208736268850354
IR,0001699150,2026-03-31,1847200000.0,2026-04-29,,1716800000.0,0.15683196188826332,-0.01936794491509175,,,,,0.07595526561043808
PODD,0001145197,,,,,,,,,,,,
INTC,0000050863,2026-03-28,13577000000.0,2026-04-24,,12667000000.0,-0.23097886130956766,-0.20721632874463516,,,,,0.07184021473119118
ICE,0001571949,2026-03-31,3666000000.0,2026-04-30,,3229000000.0,0.4541734860883797,0.07603784037763334,,,,,0.13533601734283063
IFF,0000051253,2026-03-31,2741000000.0,2026-05-05,,2843000000.0,0.09959868661072602,0.4172209166494175,,,,,-0.0358775940907492
IP,0000051434,2026-03-31,5971000000.0,2026-05-05,6006000000.0,5901000000.0,,,,,,-0.005827505827505797,0.011862396204033177
INTU,0000896878,2026-01-31,4651000000.0,2026-02-26,3885000000.0,3963000000.0,0.1838314341001935,0.03419731853118013,,,0.046379696648456065,0.19716859716859725,0.1736058541508958
ISRG,0001035267,2026-03-31,2770800000.0,2026-04-22,,2253400000.0,0.30868341273278477,0.05213774840332708,,,,,0.22960859146179113
IVZ,0000914208,2026-03-31,1744500000.0,2026-05-05,,1529200000.0,0.19100028661507595,0.009663640002468055,,,,,0.14079257127910028
INVH,0001687229,2026-03-31,43745000.0,2026-04-30,,0.0,,,,,,,inf
IRM,0001020569,2026-03-31,1936149000.0,2026-04-30,,1592529000.0,0.204132016699128,0.0444526639212508,,,,,0.21577001109555938
JBHT,0000728535,,,,,,,,,,,,
SJM,0000091419,2026-01-31,2339400000.0,2026-02-26,2330100000.0,2186000000.0,-0.23441908181585022,0.03731010391150566,,,-0.4140251073083183,0.0039912450109438335,0.07017383348581885
JPM,0000019617,,,,,,,,,,,,
JBL,0000898293,2026-02-28,8282000000.0,2026-04-08,8305000000.0,6728000000.0,0.045158174354020766,0.008743192189930395,,,0.011082316437103244,-0.002769416014449133,0.23097502972651607
JKHY,0000779152,2026-03-31,636245000.0,2026-05-07,619334000.0,585087000.0,0.24369071662645678,0.006563588524140379,,,-0.013275637554001601,0.02730513745410401,0.0874365692623491
J,0000052988,,,,,,,,,,,,
JNJ,0000200406,2026-03-29,24062000000.0,2026-04-22,,21893000000.0,,,,,,,0.09907276298360213
JCI,0000833444,2026-03-31,6142000000.0,2026-05-06,5797000000.0,5676000000.0,,,,,,0.059513541486976074,0.0821000704721635
KKR,0001404912,,,,,,,,,,,,
KLAC,0000319201,2026-03-31,3415078000.0,2026-04-30,3297146000.0,3063029000.0,,,,,,0.03576790351413006,0.11493492226159141
KVUE,0001944048,2026-03-29,3909000000.0,2026-05-07,,3741000000.0,0.19621386543873112,0.04705588628877122,,,,,0.04490777866880524
KDP,0001418135,2026-03-31,3976000000.0,2026-04-23,,3635000000.0,0.19014084507042253,-0.030216789042369768,,,,,0.09381017881705644
KEY,0000091576,2026-03-31,462000000.0,2026-05-05,,411000000.0,,,,,,,0.12408759124087587
KEYS,0001601046,2026-01-31,1600000000.0,2026-03-05,,1298000000.0,0.155,-0.0129506933744222,,,,,0.2326656394453004
KMB,0000055785,2026-03-31,4163000000.0,2026-04-28,4080000000.0,4840000000.0,0.1808791736728321,0.02199487615217094,,,,0.02034313725490189,-0.13987603305785123
KIM,0000879101,2026-03-31,558016000.0,2026-04-30,,536624000.0,0.3723405780479413,0.03600824852112178,,,,,0.0398640388801097
KMI,0001506307,2026-03-31,4451000000.0,2026-04-24,,3862000000.0,0.32442147831947876,0.0279429697746833,,,,,0.1525116519937857
KSS,0000885639,2026-05-02,3167000000.0,2026-06-04,,3233000000.0,0.014524786864540574,-0.004033827425592428,,,,,-0.02041447571914634
KHC,0001637459,,,,,,,,,,,,
KR,0000056873,,,,,,,,,,,,
LHX,0000202058,2026-04-03,5744000000.0,2026-04-30,21865000000.0,5132000000.0,0.11350974930362116,0.011210450784525289,45000.0,2026-01-02,0.017008491585807306,-0.7372970500800367,0.11925175370226038
LKQ,0001065696,2026-03-31,3469000000.0,2026-04-30,,3463000000.0,0.06255405015854713,-0.020322068813442465,,,,,0.0017326017903551705
LH,0000920148,2026-03-31,3537600000.0,2026-05-04,,3345100000.0,0.10764360018091361,0.010187619791687572,70000.0,2024-12-31,,,0.057546859585662524
LRCX,0000707549,2026-03-29,5841488000.0,2026-04-23,5344791000.0,4720175000.0,0.35042715143812675,0.019558274754529203,,,0.011741691146040512,0.09293104257958817,0.2375575058128141
LW,0001679273,,,,,,,,10100.0,2025-05-25,,,
LVS,0001300514,2026-03-31,3585000000.0,2026-04-24,3649000000.0,2862000000.0,0.25216178521617855,0.03937352525810728,,,0.05841007241815169,-0.01753905179501236,0.25262054507337517
LDOS,0001336920,2026-04-03,4383000000.0,2026-05-05,,4228000000.0,0.1159023499885923,-0.009452427684066164,50000.0,2026-04-03,,,0.036660359508041696
LEN,0000920760,2026-02-28,6619476000.0,2026-04-09,,7631545000.0,,,,,,,-0.13261652784593425
LII,0001069202,2026-03-31,1135100000.0,2026-04-29,1195000000.0,1072600000.0,0.14404017267201127,-0.0010278862502337283,,,-0.019809199712925968,-0.05012552301255235,0.05826962520977075
LIN,0001707925,2026-03-31,8781000000.0,2026-05-01,,8112000000.0,0.2777587974034848,0.008528028172715585,,,,,0.0824704142011834
LYV,0001335258,2026-03-31,3793029000.0,2026-05-05,,3382117000.0,-0.09768340816798395,-0.13161747963860426,,,,,0.12149550119052654
LMT,0000936468,2026-03-29,18021000000.0,2026-04-23,,17963000000.0,0.11447755396481882,-0.01757165830484661,,,,,0.0032288593219396144
L,0000060086,2026-03-31,858000000.0,2026-05-04,,846000000.0,,,,,,,0.014184397163120588
LOW,0000060667,2026-05-01,23078000000.0,2026-05-28,,20930000000.0,0.11066816881878845,-0.008490932949008975,,,,,0.102627806975633
LULU,0001397187,2026-05-03,2471603000.0,2026-06-04,,2370660000.0,0.11205116679337256,-0.07297114766757924,,,,,0.04258012536593192
LYB,0001489393,2026-03-31,7197000000.0,2026-05-01,,7677000000.0,0.03320828122828957,0.018358730622584214,,,,,-0.06252442360296995
MTB,0000036270,2026-03-31,418000000.0,2026-05-05,,397000000.0,,,,,,,0.05289672544080615
MGM,0000789570,2026-03-31,4454718000.0,2026-04-29,,4277082000.0,0.06762313574057886,-0.022404831925226937,,,,,0.04153205386289072
MSCI,0001408198,2026-03-31,850800000.0,2026-04-21,,745826000.0,0.5370239774330042,0.03151330872475322,,,,,0.14074864646713836
M,0000794367,2026-05-02,4682000000.0,2026-06-04,,4599000000.0,0.02392140111063648,0.0034821751919585087,,,,,0.0180474016090455
MPC,0001510295,2026-03-31,34200000000.0,2026-05-05,,31517000000.0,0.04105263157894737,0.01925487163986687,,,,,0.08512866072278458
MKTX,0001278021,2026-03-31,233380000.0,2026-05-07,,208576000.0,0.4324320850115691,0.00869205739573603,,,,,0.11892068119054922
MAR,0001048286,2026-03-31,6654000000.0,2026-05-06,,6263000000.0,0.15990381725278027,0.008538656786550025,,,,,0.06243014529778068
MRSH,0000062709,2026-03-31,7597000000.0,2026-04-16,,7061000000.0,0.23088061076740818,-0.05307350338072947,76000.0,2020-09-30,,,0.07590992777227012
MLM,0000916076,2026-03-31,1362000000.0,2026-04-30,1534000000.0,1353000000.0,0.11894273127753303,-0.02444233893680546,,,,-0.11212516297262065,0.006651884700665134
MAS,0000062996,2026-03-31,1918000000.0,2026-04-22,,1801000000.0,0.16475495307612095,0.005954286779619011,,,,,0.06496390893947801
MA,0001141391,,,,,,,,,,,,
MTCH,0000891103,2026-03-31,863934000.0,2026-05-06,,831178000.0,0.27365053348982676,0.06600187098913499,,,,,0.03940912776805927
MKC,0000063754,2026-02-28,1873900000.0,2026-03-31,,1605500000.0,0.12140455734030631,-0.018863271996348935,,,,,0.1671753347866709
MCD,0000063908,2026-03-31,6517000000.0,2026-05-07,,5956000000.0,0.4531226024244284,0.008528915386147695,,,,,0.09419073203492268
MCK,0000927653,,,,,,,,,,,,
MDT,0001613103,2026-01-23,9017000000.0,2026-02-24,8961000000.0,8292000000.0,0.16235998669180438,-0.03614459603853812,,,-0.025788657432735285,0.00624930253319933,0.08743367100820065
MRK,0000310158,2026-03-31,16286000000.0,2026-05-04,,15529000000.0,,,,,,,0.048747504668684494
MET,0001099219,2026-03-31,734000000.0,2026-05-07,,611000000.0,2.2220708446866486,-0.09380476906130575,,,,,0.2013093289689034
META,0001326801,2026-03-31,56311000000.0,2026-04-30,,42314000000.0,0.40617286143027115,-0.00870164818829483,,,,,0.3307888642057002
MTD,0001037646,2026-03-31,947127000.0,2026-05-08,,883744000.0,,,,,,,0.07172099612557492
MCHP,0000827054,,,,,,,,,,,,
MU,0000723125,2026-02-26,23860000000.0,2026-03-19,13643000000.0,8053000000.0,0.6762363788767812,0.45606998126098586,,,0.2264819260438266,0.74888221065748,1.9628709797590962
MSFT,0000789019,2026-03-31,82886000000.0,2026-04-29,81273000000.0,70066000000.0,0.46326279468185216,0.006550551939295157,,,-0.007680815127063478,0.0198466895524958,0.18297034224873698
MAA,0000912595,2026-03-31,553725000.0,2026-04-30,,549295000.0,,,,,,,0.008064883168424908
MRNA,0001682852,2026-03-31,389000000.0,2026-05-01,,108000000.0,-3.5681233933161955,6.154098828906026,,,,,2.6018518518518516
MHK,0000851968,2026-04-04,2728700000.0,2026-05-01,,2525800000.0,0.04097189137684612,0.002964131459196266,,,,,0.08033098424261631
MOH,0001179929,2026-03-31,10796000000.0,2026-04-23,,11147000000.0,0.007688032604668396,-0.031156499556451188,,,,,-0.03148829281421006
TAP,0000024545,,,,,,,,,,,,
MDLZ,0001103982,2026-03-31,10080000000.0,2026-04-28,,9313000000.0,0.08015873015873017,0.00714251626417417,,,,,0.08235799420165368
MPWR,0001280452,2026-03-31,804185000.0,2026-05-04,,637554000.0,0.29987129827092024,0.0351737197128687,,,,,0.26135982206997377
MNST,0000865752,2026-03-31,2353291000.0,2026-05-08,,1854558000.0,0.31018603309153014,0.0029726701231031494,,,,,0.26892283767884306
MCO,0001059556,2026-03-31,2079000000.0,2026-04-23,,1924000000.0,0.4434824434824435,0.0037735037735037724,,,,,0.08056133056133064
MS,0000895421,,,,,,,,,,,,
MOS,0001285785,2026-03-31,2998000000.0,2026-05-11,,2620900000.0,-0.12438292194796531,-0.2535370293156634,,,,,0.14388187263916974
MSI,0000068505,2026-04-04,2714000000.0,2026-05-07,,2528000000.0,0.19344141488577746,-0.03678010410156432,,,,,0.07357594936708867
NRG,0001013871,2026-03-31,10136000000.0,2026-05-06,,8489000000.0,0.03235990528808208,-0.10122473365643436,,,,,0.19401578513370255
NVR,0000906163,2026-03-31,1881063000.0,2026-05-06,,2403032000.0,,,,,,,-0.21721267132522581
NXPI,0001413447,2026-03-29,3181000000.0,2026-04-28,,2835000000.0,0.4731216598553914,0.21809520482893635,,,,,0.12204585537918877
NDAQ,0001120193,2026-03-31,2137000000.0,2026-04-24,,2090000000.0,0.30744033692091716,0.04571784888263963,,,,,0.02248803827751189
NTAP,0001002047,2026-01-23,1713000000.0,2026-02-26,1705000000.0,1641000000.0,0.2533566841798015,0.03275948734860101,,,0.019339088871883625,0.004692082111436902,0.04387568555758681
NFLX,0001065280,2026-03-31,12249757000.0,2026-04-17,,10542801000.0,0.3230265710576953,0.00555885066726014,,,,,0.16190725785301274
NEM,0001164727,2026-03-31,7307000000.0,2026-04-23,,5010000000.0,,,,,,,0.45848303393213574
NWSA,0001564708,2026-03-31,2185000000.0,2026-05-08,2362000000.0,2009000000.0,,,,,,-0.07493649449618967,0.08760577401692382
NEE,0000753308,,,,,,,,,,,,
NI,0001111711,2026-03-31,2322300000.0,2026-05-06,6522800000.0,2149500000.0,0.3527537355208199,-0.0005377276101408146,,,,-0.6439719139020053,0.08039078855547799
NKE,0000320187,2026-02-28,11279000000.0,2026-04-01,12427000000.0,11269000000.0,,,,,,-0.09237949625814756,0.000887390185464465
NDSN,0000072331,2026-01-31,669461000.0,2026-02-19,,615420000.0,0.2485656371319614,0.01953993111005764,,,,,0.08781157583438959
NSC,0000702165,2026-03-31,2998000000.0,2026-04-24,,2993000000.0,0.2925283522348232,-0.09036506574045244,,,,,0.0016705646508519134
NTRS,0000073124,2026-03-31,1341400000.0,2026-04-30,,1213800000.0,,,,,,,0.10512440270225731
NOC,0001133421,2026-03-31,9881000000.0,2026-04-21,,9468000000.0,0.10009108389839085,0.03957143877798527,,,,,0.04362061681453322
NCLH,0001513761,,,,,,,,,,,,
NUE,0000073309,2026-04-04,9496000000.0,2026-05-13,,7830000000.0,,,,,,,0.2127713920817369
NVDA,0001045810,,,,,,,,,,,,
ON,0001097864,2026-04-03,1513300000.0,2026-05-04,,1445700000.0,-0.035287120861692986,0.3615448636440827,,,,,0.046759355329598185
ORLY,0000898173,2026-03-31,4560539000.0,2026-05-08,,4136924000.0,0.18454134478402662,0.005310109208995495,,,,,0.10239854539266369
OXY,0000797468,2026-03-31,5569000000.0,2026-05-05,,6911000000.0,,,,,,,-0.19418318622485897
ODFL,0000878927,2026-03-31,1334696000.0,2026-05-06,,1374858000.0,0.2377627564628949,-0.008120818422656911,,,,,-0.02921174404920368
OMC,0000029989,2026-03-31,6242900000.0,2026-04-29,,3690400000.0,0.10350958689070784,-0.019132945084145828,,,,,0.6916594407110341
OKE,0001039684,2026-03-31,9618000000.0,2026-04-29,,8043000000.0,0.14847161572052403,-0.0032130790451106728,,,,,0.19582245430809397
ORCL,0001341439,2026-02-28,17190000000.0,2026-03-11,16058000000.0,14130000000.0,0.31785922047702153,0.009437422883249391,,,0.023239716180097902,0.07049445759123185,0.21656050955414008
OTIS,0001781335,2026-03-31,3566000000.0,2026-04-23,,3350000000.0,0.1511497476163769,0.028463180452197784,,,,,0.06447761194029855
PCG,0001004980,,,,,,,,,,,,
PNC,0000713676,,,,,,,,,,,,
PPG,0000079879,2026-03-31,3930000000.0,2026-04-29,,3684000000.0,0.1618320610687023,-0.002934497020331356,,,,,0.0667752442996743
PPL,0000922224,2026-03-31,2785000000.0,2026-05-08,,2545000000.0,0.26750448833034113,0.0010997732026397644,,,,,0.09430255402750487
PTC,0000857005,2026-03-31,774303000.0,2026-05-07,685825000.0,636366000.0,0.382023574750453,0.030867164759975807,,,0.05959292553235801,0.12900958699376663,0.21675733775845973
PCAR,0000075362,2026-03-31,6776500000.0,2026-04-29,,7441700000.0,,,,,,,-0.08938817743257588
PKG,0000075677,2026-03-31,2367800000.0,2026-05-08,,2141000000.0,0.10613227468536193,-0.024787856094647398,16800.0,2025-12-31,,,0.10593180756655762
PLTR,0001321655,2026-03-31,1632583000.0,2026-05-05,,883855000.0,0.46184359386322166,0.2626616013418239,,,,,0.8471163256416494
PANW,0001327567,2026-01-31,2594000000.0,2026-02-18,2474000000.0,2257400000.0,0.1530454895913647,0.04655129272771624,,,0.028146540521033242,0.04850444624090544,0.1491095951094179
PSKY,0002041610,2026-03-31,7347000000.0,2026-05-04,,0.0,0.08384374574656323,,,,,,inf
PH,0000076334,2026-03-31,5486000000.0,2026-05-01,5174000000.0,4960349000.0,0.22402479037550127,0.0005903102612996314,,,-0.00442515164227994,0.06030150753768848,0.10597056779674174
PYPL,0001633917,,,,,,,,,,,,
PAYX,0000723531,2026-02-28,1752100000.0,2026-03-26,1503300000.0,1466100000.0,0.4520289937788939,-0.019835135543798954,,,0.07159927249904291,0.16550256103239547,0.1950753700293295
PAYC,0001590955,2026-03-31,571900000.0,2026-05-07,,530500000.0,0.367546773911523,0.01863065704064648,,,,,0.07803958529688981
PNR,0000077360,2026-03-31,1036700000.0,2026-04-28,,1010400000.0,0.2025658338960162,0.001556332708367747,,,,,0.02602929532858278
PEP,0000077476,2026-03-21,19443000000.0,2026-04-16,,17919000000.0,0.16525227588335134,0.02110360687280388,,,,,0.08504938891679226
WOOF,0001826470,2026-05-02,1496732000.0,2026-06-05,,1493399000.0,0.016453179326693088,0.005498973518332428,,,,,0.002231821502491904
PFE,0000078003,,,,,,,,,,,,
PM,0001413329,2026-03-31,10146000000.0,2026-04-24,,9301000000.0,0.38369800906761287,0.002663711680235159,,,,,0.09085044618858196
PSX,0001534701,2026-03-31,32540000000.0,2026-04-29,,30430000000.0,,,,,,,0.0693394676306276
PNW,0000764622,2026-03-31,1149597000.0,2026-05-04,,1032280000.0,0.11410433395355069,0.05867169939703501,,,,,0.11364842872088965
POOL,0000945841,2026-03-31,1138014000.0,2026-04-28,,1071526000.0,0.07259137409557352,0.00022915423343299046,,,,,0.06204982426931305
PFG,0001126328,2026-03-31,3529100000.0,2026-04-29,,3695900000.0,,,,,,,-0.04513109120917769
PG,0000080424,2026-03-31,21235000000.0,2026-04-24,22208000000.0,19776000000.0,0.21549328938073933,-0.014988102205021198,,,-0.026131350388713115,-0.04381304034582134,0.07377629449838197
PGR,0000080661,2026-03-31,22188000000.0,2026-05-04,,20409000000.0,,,,,,,0.08716742613552841
PLD,0001045609,2026-03-31,2297723000.0,2026-04-30,2252712000.0,2139665000.0,0.527067448948372,0.11652981805755497,,,-0.19494140082914058,0.019980805358163822,0.07387044233559936
PRU,0001137774,,,,,,,,,,,,
PEG,0000788784,2026-03-31,3848000000.0,2026-05-05,,3222000000.0,0.27936590436590436,0.032004017339212876,,,,,0.19428926132836755
PSA,0001393311,2026-03-31,1217741000.0,2026-04-27,,1183184000.0,0.3894736237015917,-0.0026936131778792505,,,,,0.029206784405468644
PHM,0000822416,2026-03-31,3408572000.0,2026-04-23,,3892650000.0,,,,,,,-0.12435692908429985
QCOM,0000804328,2026-03-29,10599000000.0,2026-04-29,12252000000.0,10979000000.0,0.21785074063590903,-0.06632814633011702,,,-0.05687991558348371,-0.1349167482859941,-0.0346115311048365
PWR,0001050915,2026-03-31,7874787000.0,2026-04-30,,6233334000.0,0.04302071916357865,0.004665482624031755,,,,,0.2633346777182164
DGX,0001022079,2026-03-31,2895000000.0,2026-04-22,,2652000000.0,0.1378238341968912,0.007356262552848963,,,,,0.091628959276018
RTX,0000101829,2026-03-31,22076000000.0,2026-04-21,,20306000000.0,0.11573654647581083,0.01551986175208385,,,,,0.08716635477198853
RL,0001037038,,,,,,,,,,,,
RJF,0000720005,2026-03-31,4262000000.0,2026-05-06,4176000000.0,3845000000.0,,,,,,0.020593869731800662,0.10845253576072822
O,0000726728,,,,,,,,,,,,
REG,0000910606,2026-03-31,412453000.0,2026-05-04,,380912000.0,0.7186127873963821,0.0004994173791602607,,,,,0.08280390221363465
REGN,0000872589,2026-03-31,3605400000.0,2026-04-29,,3028700000.0,0.1783158595440173,-0.017048488195937128,,,,,0.19041172780400828
RF,0001281761,,,,,,,,,,,,
RSG,0001060391,2026-03-31,4113000000.0,2026-05-08,,4009000000.0,0.20179917335278386,0.001250408074659648,,,,,0.025941631329508663
RMD,0000943819,2026-03-31,1431406000.0,2026-05-01,1422808000.0,1291736000.0,0.34917416861463485,0.019177946476365115,,,0.0036180570380904276,0.006042979797695747,0.10812580898883373
RVTY,0000031791,2026-04-05,711118000.0,2026-05-12,,664762000.0,0.10671365371147967,-0.0019417748479145236,,,,,0.06973322783191582
ROK,0001024478,2026-03-31,2239000000.0,2026-05-05,2105000000.0,2001000000.0,0.2367128182224207,0.03281476724790797,,,0.030061986868501478,0.06365795724465562,0.11894052973513247
ROL,0000084839,2026-03-31,906424000.0,2026-04-23,,822504000.0,0.16050545881397668,-0.012925916595747766,,,,,0.10202989894274062
ROP,0000882835,2026-03-31,2095300000.0,2026-05-01,,1882800000.0,0.2718465136257338,-0.007418410954678323,,,,,0.11286381984278737
ROST,0000745732,2026-05-02,6010476000.0,2026-06-02,,4984971000.0,0.1337707695696647,0.012111084889452908,,,,,0.20571935122591478
RCL,0000884887,2026-03-31,4452000000.0,2026-04-30,,3999000000.0,0.2610062893081761,0.024697212038858773,,,,,0.11327831957989498
SPGI,0000064040,2026-03-31,4171000000.0,2026-04-28,,3777000000.0,0.47998081994725483,0.06218892161524531,,,,,0.10431559438707971
SBAC,0001034054,2026-03-31,47289000.0,2026-05-05,,48039000.0,7.250058153058851,0.27843093350806924,,,,,-0.015612314994067344
CRM,0001108524,2026-04-30,11133000000.0,2026-05-28,,9829000000.0,0.21081469505075,0.013236101094091152,,,,,0.13266863363516124
SLB,0000087347,2026-03-31,8721000000.0,2026-04-29,,8490000000.0,,,,,,,0.02720848056537095
STX,0001137789,2026-04-03,3112000000.0,2026-04-29,2825000000.0,2160000000.0,0.32069408740359895,0.12115705036656191,,,0.022287007757581245,0.10159292035398226,0.44074074074074066
SRE,0001032208,2026-03-31,3428000000.0,2026-05-07,,3681000000.0,,,,,,,-0.06873132301005158
NOW,0001373715,2026-03-31,3770000000.0,2026-04-23,,3088000000.0,0.13342175066312997,-0.01262747213479748,,,,,0.22085492227979264
SHW,0000089800,2026-03-31,5666900000.0,2026-04-28,,5305700000.0,,,,,,,0.06807772772678433
SPG,0001063761,2026-03-31,1757093000.0,2026-05-11,1791462000.0,1473012000.0,0.4337636084145802,-0.060201138647901276,,,-0.06341076648145438,-0.01918488921339112,0.1928572204435537
SWKS,0000004127,2026-04-03,943700000.0,2026-05-05,1035400000.0,953200000.0,0.04461163505351277,-0.0574655785427944,,,-0.05563947562834932,-0.08856480587212667,-0.00996642887117083
SW,0002005951,2026-03-31,7712000000.0,2026-05-01,,7656000000.0,0.032806016597510375,-0.0394249133920403,,,,,0.007314524555903867
SNA,0000091440,2026-04-04,1198000000.0,2026-04-23,,1133300000.0,0.266110183639399,-0.010427361582519334,,,,,0.05708991440924738
SOLV,0001964738,2026-03-31,2007000000.0,2026-05-05,,2070000000.0,0.04035874439461883,-0.03307120729620242,,,,,-0.0304347826086957
SO,0000092122,2026-03-31,8397000000.0,2026-04-30,,7775000000.0,0.24032392521138501,-0.018196975110158387,,,,,0.08000000000000007
LUV,0000092380,2026-03-31,7249000000.0,2026-04-23,,6428000000.0,0.04552352048558422,0.08021549310537264,60000.0,2020-03-31,,,0.12772246421904176
SFM,0001575515,2026-03-29,2329179000.0,2026-04-29,,2236436000.0,0.09243900962527998,-0.008763081559086575,,,,,0.04146910530862491
SWK,0000093556,2026-04-04,3846400000.0,2026-04-29,,3744600000.0,,,,,,,0.02718581423917099
SBUX,0000829224,2026-03-29,9531500000.0,2026-04-28,9915100000.0,8761600000.0,0.08688034412212138,0.018285566912479304,,,-0.0029624209533695434,-0.03868846506843093,0.08787207815924036
STT,0000093751,2026-03-31,3796000000.0,2026-04-29,,3284000000.0,,,,,,,0.1559074299634593
STLD,0001022671,2026-03-31,5204858000.0,2026-04-27,,4369195000.0,0.1033657402372937,0.04039212610471321,,,,,0.19126246368038058
STE,0001757898,,,,,,,,3700.0,2022-03-31,,,
SYK,0000310764,2026-03-31,6020000000.0,2026-05-11,7171000000.0,5866000000.0,0.15548172757475084,0.01279505863509861,,,,-0.16050760005578024,0.026252983293556076
SMCI,0001375365,2026-03-31,10243014000.0,2026-05-11,12682491000.0,4599913000.0,0.06110193737897849,0.02919263822484231,,,0.023704079182193645,-0.192349988657591,1.2267842891811216
SYF,0001601712,,,,,,,,,,,,
SNPS,0000883241,2026-01-31,2408798000.0,2026-02-25,,1455315000.0,0.08429349409954674,-0.08875426532023524,,,,,0.6551729350690401
SYY,0000096021,2026-03-28,20519000000.0,2026-04-29,20762000000.0,19598000000.0,0.0301671621424046,-0.00458128157634221,,,-0.0031629601964837523,-0.011704074751950677,0.04699459128482508
TMUS,0001283699,2026-03-31,23107000000.0,2026-04-28,,20886000000.0,0.19461635002380231,-0.03520266749989778,,,,,0.1063391745666955
TROW,0001113169,2026-03-31,1857000000.0,2026-04-30,,1763900000.0,0.36645126548196016,0.028393552459680005,4862.0,2010-06-30,,,0.05278076988491409
TEL,0001385157,2026-03-27,4744000000.0,2026-04-24,4669000000.0,4143000000.0,0.20109612141652614,0.020550622985437556,,,-0.005157894432692101,0.016063396872992186,0.14506396331160998
TJX,0000109198,,,,,,,,,,,,
TKO,0001973266,2026-03-31,1596876000.0,2026-05-06,1037995000.0,1268800000.0,0.21196323321284807,0.024885679618901035,,,0.15668069331622045,0.538423595489381,0.2585718789407314
TTWO,0000946581,,,,,,,,,,,,
TPR,0001116132,2026-03-28,1920600000.0,2026-05-07,2502400000.0,1584600000.0,0.2225866916588566,0.06248319550840856,,,-0.06369847458155262,-0.23249680306905374,0.21204089360090883
TRGP,0001389170,,,,,,,,,,,,
TGT,0000027419,2026-05-02,25443000000.0,2026-05-29,,23846000000.0,0.04460951931769053,-0.017119911194764394,,,,,0.06697139981548261
TDY,0001094285,2026-03-29,1560100000.0,2026-04-24,,1449900000.0,0.18857765527850778,0.009737735284025412,,,,,0.07600524174080969
TER,0000097210,,,,,,,,,,,,
TSLA,0001318605,2026-03-31,22387000000.0,2026-04-23,,19335000000.0,0.04203332291061777,0.021397170854760512,,,,,0.15784846133953967
TXN,0000097476,2026-03-31,4825000000.0,2026-04-24,,4069000000.0,0.3747150259067358,0.04932795291582892,,,,,0.18579503563529132
TPL,0001811074,2026-03-31,236818000.0,2026-05-06,,195983000.0,0.7699076928274033,0.004162704741701995,,,,,0.20835990876759714
TXT,0000217346,,,,,,,,,,,,
TMO,0000097745,2026-03-28,11005000000.0,2026-05-01,,10364000000.0,0.16928668786915038,0.0037135500845112412,,,,,0.061848707062910124
TSCO,0000916365,2026-03-28,3592046000.0,2026-05-07,,3466952000.0,0.06498552635461795,-0.00687500127887683,,,,,0.03608183787949759
TTD,0001671933,2026-03-31,688857000.0,2026-05-07,,616021000.0,0.0967501237557287,0.008357033260437144,,,,,0.11823622895972696
TT,0001466258,2026-03-31,4969400000.0,2026-04-30,,4688500000.0,0.15617579587072886,-0.018485609696083566,,,,,0.05991255198890899
TDG,0001260221,2026-03-28,2544000000.0,2026-05-05,2285000000.0,2150000000.0,0.4630503144654088,0.0021200819072692556,,,0.007032808994949291,0.11334792122538295,0.18325581395348833
TRV,0000086312,2026-03-31,11924000000.0,2026-04-16,,11810000000.0,,,,,,,0.009652836579170154
TRMB,0000864749,2026-04-03,939900000.0,2026-05-06,,840600000.0,0.15320778806255986,0.03721920847654986,,,,,0.11812990720913641
TFC,0000092230,,,,,,,,,,,,
TYL,0000860731,2026-03-31,613503000.0,2026-04-29,,565165000.0,0.16269195097660485,0.004909710391996808,,,,,0.0855290048039068
TSN,0000100493,2026-03-28,13653000000.0,2026-05-04,14313000000.0,13074000000.0,0.03186112942210503,0.024212360873841304,,,0.010761429848291017,-0.04611192622091809,0.0442863698944469
USB,0000036104,2026-03-31,7288000000.0,2026-05-04,,6958000000.0,,,,,,,0.04742742167289449
UDR,0000074208,2026-03-31,2528000.0,2026-04-30,,2112000.0,90.90387658227849,33.04639552167242,,,,,0.19696969696969702
UPS,0001090727,2026-03-31,21202000000.0,2026-05-06,,21546000000.0,0.05975851334779738,-0.017564423624262394,,,,,-0.015965840527244035
UBER,0001543151,,,,,,,,,,,,
ULTA,0001403568,2026-05-02,3163857000.0,2026-06-02,,2848367000.0,0.14168023396759083,0.0006250258430759714,,,,,0.11076171013075209
UNP,0000100885,2026-03-31,6217000000.0,2026-04-23,,6027000000.0,0.3953675406144443,0.001971157671023016,,,,,0.03152480504396871
UAL,0000100517,2026-03-31,14608000000.0,2026-04-22,,13213000000.0,0.06825027382256298,0.022310668888028802,88000.0,2012-12-31,,,0.10557784000605475
URI,0001067701,2026-03-31,929000000.0,2026-04-22,,893000000.0,0.9354144241119483,0.035078477863348057,11700.0,2013-09-30,,,0.04031354983202684
UNH,0000731766,2026-03-31,111721000000.0,2026-05-05,,109575000000.0,0.08046830944943206,-0.002753228310093378,,,,,0.01958475929728487
UHS,0000352915,2026-03-31,4495182000.0,2026-05-07,,4099720000.0,0.11186643833330887,0.0009259350794281057,,,,,0.09646073390377885
VLO,0001035002,2026-03-31,32381000000.0,2026-04-30,,30258000000.0,0.05345727432753775,0.08320147420856096,,,,,0.0701632626082358
VTR,0000740260,2026-03-31,1656944000.0,2026-04-28,,1358074000.0,,,,,,,0.22006900949432806
VLTO,0001967680,2026-04-03,1422000000.0,2026-04-29,,1332000000.0,0.23769338959212377,-0.004048352149617962,,,,,0.06756756756756754
VRSN,0001014473,2026-03-31,428900000.0,2026-04-23,,402300000.0,0.684541851247377,0.010418063029628999,,,,,0.06611981108625398
VRSK,0001442145,2026-03-31,782600000.0,2026-04-29,,753000000.0,0.450038333759264,0.011658519682238744,,,,,0.03930942895086331
VZ,0000732712,2026-03-31,34440000000.0,2026-05-01,,33485000000.0,0.23931475029036003,0.0010588147968554895,,,,,0.028520232940122403
VRTX,0000875320,2026-03-31,2986900000.0,2026-05-05,,2770200000.0,0.3810304998493421,0.1535739985136985,,,,,0.07822539888816693
VTRS,0001792044,2026-03-31,3509700000.0,2026-05-07,,3243200000.0,-0.02270849360344189,0.8659816889323253,30000.0,2025-12-31,,,0.08217192895905279
VICI,0001705696,2026-03-31,1018521000.0,2026-04-29,,984204000.0,,,,,,,0.034867771315702845
V,0001403161,2026-03-31,11230000000.0,2026-04-29,10901000000.0,9594000000.0,0.6441674087266251,0.07766751295843666,,,0.026150713010635762,0.030180717365379417,0.17052324369397542
VST,0001692819,2026-03-31,5001000000.0,2026-05-08,,4250000000.0,0.2997400519896021,0.32797534610724915,,,,,0.17670588235294127
VMC,0001396009,2026-03-31,1755900000.0,2026-04-29,,1634600000.0,0.15114755965601687,0.012642726669353455,,,,,0.07420775724947992
WRB,0000011544,2026-03-31,3690334000.0,2026-05-01,,3547399000.0,,,,,,,0.04029290192617174
GWW,0000277135,2026-03-31,4742000000.0,2026-05-07,,4306000000.0,0.16722901729228173,0.011167707492003048,,,,,0.10125406409660931
WEC,0000783325,2026-03-31,3434200000.0,2026-05-07,,3149500000.0,0.28536485935589073,-0.012301436881607286,,,,,0.09039530084140335
WAB,0000943452,2026-03-31,2950000000.0,2026-04-22,,2610000000.0,0.1752542372881356,-0.006354958114163256,,,,,0.13026819923371646
WMT,0000104169,2026-04-30,175684000000.0,2026-05-29,,163981000000.0,0.04265044056373944,-0.0008606979218168109,,,,,0.0713680243442838
DIS,0001744489,2026-03-28,25168000000.0,2026-05-06,25981000000.0,23621000000.0,0.18289097266369994,-0.004908019758297438,,,0.005838511249589617,-0.03129209807166777,0.06549257017061083
WBD,0001437107,2026-03-31,8893000000.0,2026-05-06,,8979000000.0,-0.277634094231418,-0.27351336809264976,,,,,-0.009577903998218118
WM,0000823768,2026-03-31,6227000000.0,2026-04-29,,6018000000.0,0.17873775493817248,0.01040940664970455,,,,,0.03472914589564646
WAT,0001000697,2026-04-04,1267000000.0,2026-05-12,932362000.0,661705000.0,-0.037095501183898975,-0.2664197468825109,,,-0.32723602600151275,0.3589142414641524,0.91475053082567
W,0001616707,2026-03-31,2931000000.0,2026-04-30,,2730000000.0,-0.0037529853292391675,0.04093565935940552,,,,,0.07362637362637359
WFC,0000072971,,,,,,,,,,,,
WELL,0000766704,2026-03-31,2780931000.0,2026-04-29,,1864530000.0,,,,,,,0.4914916895946968
WST,0000105770,2026-03-31,844900000.0,2026-04-23,,698000000.0,0.20961060480530241,0.056315475865474335,,,,,0.21045845272206298
WDC,0000106040,2026-04-03,3337000000.0,2026-05-01,3017000000.0,2294000000.0,0.35660773149535513,0.025308690518894783,,,0.0556465117406319,0.10606562810739151,0.45466434176111603
WY,0000106535,2026-03-31,1727000000.0,2026-05-01,,1763000000.0,0.14302258251302838,0.041491102081944994,,,,,-0.02041973908111172
WMB,0000107263,2026-03-31,4718000000.0,2026-05-04,,4187000000.0,0.27999152183128445,0.0187065922874583,,,,,0.12682111296871268
WSM,0000719955,2026-05-03,1805456000.0,2026-05-22,,1730113000.0,0.16155918504798789,-0.00647203603410329,,,,,0.04354802258580803
WTW,0001140536,2026-03-31,2363000000.0,2026-04-30,,2180000000.0,0.18958950486669487,-0.008575632747984036,47000.0,2026-03-31,,,0.08394495412844027
WDAY,0001327811,2026-04-30,2542000000.0,2026-05-22,,2240000000.0,0.13296616837136113,0.11555545408564685,,,,,0.13482142857142865
WYNN,0001174922,,,,,,,,,,,,
XEL,0000072903,,,,,,,,,,,,
XYL,0001524472,2026-03-31,2125000000.0,2026-04-28,,2069000000.0,0.1148235294117647,0.003175390214084667,,,,,0.02706621556307387
YUM,0001041061,2026-03-31,2059000000.0,2026-05-06,,1787000000.0,0.31277319086935407,0.00611398549722203,,,,,0.15221040850587575
ZBRA,0000877212,2026-04-04,1495000000.0,2026-05-12,,1308000000.0,0.14381270903010032,-0.005269859777239122,,,,,0.14296636085626901
ZBH,0001136869,2026-03-31,2086700000.0,2026-05-01,,1909100000.0,0.17884698327502754,0.0257381885550024,,,,,0.09302812843748365
ZTS,0001555280,2026-03-31,2262000000.0,2026-05-07,,2220000000.0,,,9500.0,2013-02-06,,,0.018918918918918948
EBAY,0001065088,2026-03-31,3089000000.0,2026-04-29,,2585000000.0,0.19779864033667854,-0.040499232003747,,,,,0.19497098646034816
APP,0001751008,2026-03-31,1842449000.0,2026-05-06,,1484021000.0,0.7815320803995117,0.3344555228575362,,,,,0.24152488408182893
ARES,0001176948,2026-03-31,1396436000.0,2026-05-08,,1088805000.0,,,,,,,0.2825400324208651
CVNA,0001690820,2026-03-31,6432000000.0,2026-04-29,,4232000000.0,0.09032960199004975,-0.002770587045867079,,,,,0.5198487712665407
CASY,0000726958,2026-01-31,3916132000.0,2026-03-09,4506084000.0,3903633000.0,,,,,,-0.1309234359590279,0.0032018891120144666
CIEN,0000936395,2026-01-31,1427042000.0,2026-03-05,,1072260000.0,0.13273050127466465,0.0575034108301829,,,,,0.3308731091339787
COHR,0000820318,2026-03-31,1805641000.0,2026-05-06,1685629000.0,1497879000.0,,,,,,0.07119716141570898,0.20546519445162126
FIX,0001035983,,,,,,,,,,,,
CRH,0000849395,2026-03-31,7370000000.0,2026-04-30,,6756000000.0,-0.005156037991858887,-0.007820336393279847,,,,,0.09088217880402616
SATS,0001415404,2026-03-31,3667489000.0,2026-05-11,,3869758000.0,0.10711606769645389,0.12989061845647557,,,,,-0.05226915998364756
EME,0000105634,2026-03-31,4628233000.0,2026-04-29,,3867372000.0,0.0872568429463253,0.004834981279022543,25000.0,2011-12-31,,,0.19673850873409648
FDXF,0002082247,,,,,,,,,,,,
IBKR,0001381197,2026-03-31,699000000.0,2026-05-07,,592000000.0,,,3232.0,2026-03-31,,,0.1807432432432432
LITE,0001633978,,,,,,,,,,,,
Q,0002058873,2026-03-31,1315000000.0,2026-05-12,,1118000000.0,,,,,,,0.17620751341681573
HOOD,0001783879,2026-03-31,1067000000.0,2026-04-29,,927000000.0,,,,,,,0.15102481121898603
SNDK,0002023554,2026-04-03,5950000000.0,2026-05-01,3025000000.0,1695000000.0,0.6909243697478992,1.8006588830222356,,,0.3388582540454198,0.9669421487603307,2.510324483775811
VEEV,0001393052,2026-04-30,882948000.0,2026-06-05,,759043000.0,0.3093183290522205,0.0013884752758204777,,,,,0.1632384463067309
VRT,0001674101,2026-03-31,2649500000.0,2026-04-22,,2036000000.0,0.1661068126061521,0.02332685189888295,,,,,0.3013261296660117
